id,energy
1,-86.08414836800421
2,-64.33743095200316
3,-80.81034101600471
4,-75.07526333800433
5,-84.69841036800426
6,-75.78786841100464
7,-74.17564723500436
8,-60.47797080600321
9,-68.40068766000331
10,-82.6134530890049
11,-63.14404905500305
12,-61.66596387900336
13,-77.90527269000359
14,-77.09117551400414
15,-61.26016080599766
16,-58.2538072740017
17,-73.15205716199489
18,-75.87957530800395
19,-74.77404633800415
20,-70.28765483600364
21,-84.28806536800403
22,-76.06882741100435
23,-97.13074972400591
24,-74.06368523500441
25,-69.590115660003
26,-63.10147395200329
27,-70.04174883600353
28,-82.55409408900505
29,-70.04973273300311
30,-74.49439733800409
31,-57.538022201001695
32,-68.51228055700358
33,-74.601626235004
34,-68.27658755700395
35,-75.20724533800421
36,-66.82279348399607
37,-54.62883202500325
38,-84.07330236800408
39,-62.04354180599694
40,-69.25235673300358
41,-81.22788401600519
42,-57.95027127400226
43,-81.23047701600535
44,-62.223654805997285
45,-69.2881296600035
46,-69.62658863000343
47,-63.90052095200281
48,-84.07325636800397
49,-85.558249368004
50,-55.767149274001895
51,-68.51271655700384
52,-82.02605308900456
53,-80.76540101600494
54,-70.44669763000365
55,-76.36956651400396
56,-74.12026623500424
57,-69.4130606300032
58,-67.54002355700322
59,-90.83898004600451
60,-74.60723323500406
61,-84.65916036800445
62,-76.64637351400415
63,-84.12445336800374
64,-69.14660463000382
65,-74.54060933800429
66,-68.36735955700351
67,-84.64719236800374
68,-68.05941155700384
69,-62.96350898200308
70,-53.883779201001744
71,-96.85168472400528
72,-74.46376633800446
73,-78.10613569000361
74,-55.14083620100246
75,-67.34306348399696
76,-75.33060733800448
77,-69.2541796600035
78,-75.01973233800436
79,-63.07350987900281
80,-69.22500263000347
81,-68.34222655700341
82,-69.47669663000397
83,-61.65323098200224
84,-68.5855005570038
85,-90.77951504600514
86,-62.12661180599753
87,-76.40981541100427
88,-66.63443948399618
89,-69.27484063000338
90,-62.37268987900279
91,-61.789602805996765
92,-83.1143681920048
93,-66.65264048399695
94,-69.26832963000379
95,-66.72528948399668
96,-60.836254806003126
97,-68.26001655700384
98,-82.99548619200505
99,-77.0908945140045
100,-77.86253969000336
101,-85.77118136800436
102,-75.70590130800429
103,-57.9117112740023
104,-62.161021879002874
105,-75.01562833800381
106,-84.10001436800394
107,-76.36314251400381
108,-67.62490255700322
109,-74.869883338004
110,-84.09885636800391
111,-71.21361673300362
112,-89.33225187000517
113,-82.32359908900526
114,-81.18972501600456
115,-69.56123573300374
116,-62.61630387900277
117,-97.02136972400604
118,-56.266017377001845
119,-75.60716133800452
120,-69.93396655700326
121,-61.64078287900247
122,-48.240711347002616
123,-71.21624601200256
124,-76.71232351400431
125,-80.09196869000334
126,-61.0770458060033
127,-57.84280427400245
128,-90.76120704600453
129,-64.31858895200276
130,-68.57676266000362
131,-67.80615966000369
132,-76.3464074110043
133,-75.97070741100379
134,-74.96548633800376
135,-97.11324372400577
136,-62.270678805996795
137,-61.084312806003254
138,-70.0256896300034
139,-64.08290495200254
140,-69.72406573300304
141,-85.66410936800457
142,-53.69324920100189
143,-76.36972351400436
144,-76.40388441100458
145,-82.37014008900496
146,-69.28333366000334
147,-69.40335663000405
148,-75.07728333800424
149,-75.9009824110044
150,-75.98072641100407
151,-85.77651236800375
152,-75.80498530800469
153,-74.80327833800402
154,-76.80716551400383
155,-69.37227163000352
156,-90.76184104600452
157,-75.97789141100384
158,-61.988776805997986
159,-76.35522541100454
160,-84.61927136800387
161,-72.97650001200236
162,-46.72787827400225
163,-74.51737533800406
164,-67.80820955700347
165,-47.85727327400218
166,-69.81499273300324
167,-85.52343636800379
168,-69.92363773300349
169,-85.55820536800456
170,-60.922545806003654
171,-91.95962804600458
172,-76.1912834110044
173,-63.409131879002416
174,-60.95372580599724
175,-54.110239025002556
176,-69.28493966000315
177,-84.07223036800406
178,-91.92240104600478
179,-63.795519952002905
180,-73.77274723500432
181,-85.11707536800441
182,-69.59270873300375
183,-69.59841563000373
184,-68.1115565570035
185,-68.16311555700395
186,-68.4589895570034
187,-74.72551433800436
188,-67.70500455700312
189,-84.40183836800406
190,-97.0779917240061
191,-97.87746072400569
192,-90.84521904600479
193,-67.23559855700387
194,-80.83691601600458
195,-103.30194440200648
196,-70.09950483600369
197,-83.01373319200502
198,-55.73062412799845
199,-75.0035483380043
200,-61.47050687900264
201,-67.68912355700377
202,-73.28374116199484
203,-74.96431533800387
204,-60.65565070300363
205,-97.05511672400553
206,-71.84377783600303
207,-62.05677287900289
208,-61.298613805996865
209,-74.98636433800402
210,-97.00528172400573
211,-82.12503108900455
212,-97.0348367240058
213,-70.00790473300367
214,-82.01394708900534
215,-83.03889219200482
216,-74.88428333800402
217,-76.80444651400376
218,-91.90171904600538
219,-97.10699272400598
220,-68.1662915570032
221,-83.09436419200483
222,-74.92443533800451
223,-76.27005441100391
224,-69.68117466000331
225,-91.00412204600525
226,-74.63074623500415
227,-76.14811141100381
228,-74.28445323500455
229,-79.44633769000302
230,-68.44800566000322
231,-84.48142236800413
232,-69.70650566000313
233,-75.02294533800432
234,-19.31375720999972
235,-77.87225669000327
236,-62.72509195200291
237,-70.65892863000317
238,-66.65125448399704
239,-68.25648255700435
240,-76.65242451400445
241,-68.24869766000302
242,-75.58807430800425
243,-64.18726695200257
244,-60.74146480600302
245,-63.68004387900237
246,-80.9070960160052
247,-97.04248572400593
248,-74.94797533800374
249,-53.93445002500266
250,-63.04885695200301
251,-60.5159877030037
252,-67.80980066000302
253,-65.15346905500246
254,-69.58387963000405
255,-69.18774263000341
256,-56.413536304002264
257,-68.45856266000374
258,-82.98058619200492
259,-62.70819787900291
260,-61.46406687900253
261,-67.85917055700338
262,-69.69555263000348
263,-97.10193972400612
264,-74.5703362350041
265,-68.2111065570034
266,-69.5667087330039
267,-61.06604487900313
268,-69.86178866000319
269,-66.67127448399697
270,-71.22673501200279
271,-72.88057016199491
272,-69.69365963000382
273,-69.45755363000353
274,-68.6659636600034
275,-76.97243351400448
276,-69.25688566000372
277,-62.53174295200279
278,-69.46082363000369
279,-67.05001948399695
280,-61.125203805997444
281,-74.92950133800423
282,-81.38056801600487
283,-76.44588741100415
284,-103.28791840200665
285,-74.21230623500469
286,-67.59388155700344
287,-83.01422719200491
288,-74.98042533800435
289,-75.82305033800458
290,-68.39465455700338
291,-76.50558841100428
292,-83.89256019200457
293,-97.14614072400582
294,-84.89826836800421
295,-80.83405701600532
296,-75.09265433800374
297,-103.31351340200672
298,-68.09163255700332
299,-69.05027963000339
300,-66.17584048399658
301,-75.15149633800411
302,-63.006660952002676
303,-54.35102612799892
304,-76.4121704110039
305,-61.37107180599742
306,-74.36510833800457
307,-74.53144823500406
308,-83.09745319200465
309,-63.219627952003066
310,-75.6324204110042
311,-97.06212172400592
312,-75.04644033800378
313,-76.41563241100448
314,-67.45001155700356
315,-74.56887733800431
316,-74.11876923500404
317,-89.31247787000575
318,-55.248486128002696
319,-66.66140348399676
320,-67.96521355700315
321,-69.29213363000326
322,-54.54876802500348
323,-66.88425748399641
324,-82.03875608900489
325,-91.03895104600451
326,-90.94635704600478
327,-82.59846608900534
328,-75.01482933800435
329,-68.47301066000364
330,-97.00600972400571
331,-76.64434851400438
332,-84.24962036800389
333,-90.93774804600525
334,-56.39220720100184
335,-67.61863655700381
336,-69.35752773300374
337,-66.58401148399571
338,-83.0850721920051
339,-56.245930274001694
340,-74.29489023500446
341,-69.62002763000328
342,-66.78507448399614
343,-69.3635286300032
344,-69.0398376300036
345,-67.4344094839962
346,-57.045960201002345
347,-89.33250787000543
348,-62.331100805997266
349,-83.99679236800421
350,-75.06742833800399
351,-97.01976072400612
352,-54.34942212799797
353,-90.8391710460046
354,-58.33222327400199
355,-75.80678230800459
356,-75.32137633800448
357,-75.93781141100408
358,-86.04666236800404
359,-75.99865641100405
360,-53.34916195200367
361,-91.977742046005
362,-69.95416255700366
363,-62.66815787900305
364,-60.89924780600359
365,-74.93313333800415
366,-76.20792941100444
367,-97.95337172400559
368,-39.762189240000225
369,-69.70642566000333
370,-63.89388487900305
371,-68.87772163000318
372,-56.59979820100216
373,-76.26791051400414
374,-82.53653308900539
375,-78.0736456900031
376,-72.76127416199597
377,-70.62788663000356
378,-56.760267201001625
379,-46.531085171002815
380,-68.06803955700343
381,-90.82843104600488
382,-76.93905951400393
383,-63.39210005500263
384,-60.43585270300355
385,-69.92717363000338
386,-64.21813015800308
387,-69.37415666000379
388,-76.9329445140038
389,-67.67138648399668
390,-63.016479952002555
391,-70.0331198360036
392,-63.06609995200324
393,-68.70269466000354
394,-76.85342151400437
395,-60.80149180600347
396,-91.43318904600528
397,-68.14219055700323
398,-68.37979155700395
399,-76.3354235140041
400,-74.3910812350041
401,-68.2357395570034
402,-56.685895201002495
403,-74.28626723500474
404,-75.76173541100434
405,-57.37799927400192
406,-83.90970236800422
407,-69.45878666000317
408,-39.517978493002374
409,-82.42732208900543
410,-66.11483405500258
411,-84.10161536800388
412,-48.0600733470028
413,-74.91310833800435
414,-74.91905633800434
415,-76.14963041100418
416,-72.40259516199512
417,-75.9242954110041
418,-70.77719673300362
419,-85.56586736800455
420,-82.32205108900507
421,-75.06385933800448
422,-79.52216269000382
423,-84.07757836800374
424,-61.325930879002954
425,-69.55291863000366
426,-69.60237166000388
427,-81.24895401600497
428,-67.76724255700356
429,-90.87279104600475
430,-76.31203841100432
431,-81.2228160160048
432,-76.05958441100393
433,-52.150846699001704
434,-75.92513733800388
435,-68.56201166000301
436,-63.28652098200291
437,-81.20397201600463
438,-68.102622557004
439,-75.38792730800469
440,-68.82480563000354
441,-90.9093620460053
442,-78.12980169000366
443,-74.87623933800387
444,-76.20460041100432
445,-83.14661319200513
446,-74.90575433800404
447,-82.26702708900484
448,-57.92971330400178
449,-74.2592502350044
450,-67.19841748399631
451,-84.49298736800392
452,-74.1060772350047
453,-76.12405941100405
454,-74.47648633800418
455,-63.22357705500235
456,-56.623976274002416
457,-67.99409948399625
458,-82.5796200890054
459,-61.20922480599802
460,-67.07483355700333
461,-83.21309519200531
462,-74.60179523500392
463,-68.20841255700361
464,-83.22079819200462
465,-91.78826704600488
466,-91.83383104600489
467,-75.14686933800385
468,-60.84701580600358
469,-76.41623941100443
470,-68.66825966000306
471,-57.27204720100235
472,-76.36602141100411
473,-64.8135540550029
474,-89.3669738700055
475,-63.197740879002595
476,-76.4562084110039
477,-74.43892223500461
478,-90.76008804600497
479,-69.94188263000342
480,-43.81683474200145
481,-75.83975241100416
482,-69.4827716300033
483,-55.57013812800233
484,-103.35397540200665
485,-74.4392332350044
486,-60.44416370300314
487,-74.53809723500399
488,-76.233098411004
489,-68.63251966000371
490,-66.99634348399559
491,-70.34430073300337
492,-63.04078395200304
493,-69.45795763000388
494,-85.94353336800395
495,-67.00113248399612
496,-74.42210523500398
497,-83.9340863680045
498,-66.80953848399622
499,-67.00578648399642
500,-68.23793055700389
501,-69.31238063000364
502,-74.46815723500458
503,-56.12293827400208
504,-67.27001648400437
505,-76.78445751400432
506,-67.52131855700372
507,-75.97266041100465
508,-62.7885889820036
509,-73.25827416199536
510,-66.96065548399565
511,-65.0923840550031
512,-54.24280302500301
513,-70.76953573300307
514,-68.45467955700315
515,-74.02022223500444
516,-68.98270963000323
517,-66.76380348399653
518,-74.91467033800382
519,-90.72548604600524
520,-70.06490283600306
521,-69.35711173300388
522,-68.12141155700374
523,-68.95947763000368
524,-62.86396195200268
525,-85.47365136800454
526,-69.17886873300358
527,-74.62549423500423
528,-84.10187536800458
529,-68.70039266000367
530,-69.93646855700354
531,-76.19374641100421
532,-63.16525595200255
533,-63.264581879002435
534,-64.45593995200306
535,-69.59063966000303
536,-19.938731385999745
537,-60.4981257030031
538,-75.17467533800391
539,-66.6778294839969
540,-63.62472395200257
541,-74.53571333800392
542,-81.33853801600526
543,-84.34165436800413
544,-80.87305401600497
545,-68.09187855700384
546,-74.99303733800389
547,-69.24062273300387
548,-84.77606336800454
549,-103.2890284020068
550,-74.80592833800438
551,-71.23035501200229
552,-75.47850330800429
553,-67.00222048399701
554,-61.991708879002545
555,-61.65850398200291
556,-70.21282063000399
557,-84.63504836800439
558,-72.83816016199489
559,-83.19116019200465
560,-56.786293274001764
561,-82.33222508900508
562,-63.21237587900305
563,-67.61126648399659
564,-68.1424725570032
565,-103.33466440200664
566,-96.85838672400587
567,-68.40281066000352
568,-90.92961904600452
569,-62.994751952002844
570,-53.91082002500298
571,-55.4154501280027
572,-76.0436784110043
573,-76.19597641100427
574,-82.22905008900489
575,-63.342920952002714
576,-48.14959234700291
577,-97.06516372400529
578,-70.14576573300383
579,-68.64858566000385
580,-84.19506636800452
581,-58.8466942740024
582,-60.67283580599724
583,-61.42587980599819
584,-63.65747387900319
585,-56.89810827400197
586,-103.32179740200627
587,-76.32326241100418
588,-78.02260269000362
589,-69.82719273300336
590,-48.331874449999304
591,-82.28266108900516
592,-68.62495566000325
593,-69.22736263000388
594,-69.99468763000368
595,-84.16895036800452
596,-57.03100127400194
597,-62.20165287900363
598,-74.7364553380039
599,-63.62440998200236
600,-97.02043972400588
601,-76.27878441100438
602,-76.0688404110042
603,-68.21247355700325
604,-68.22354866000387
605,-81.19445701600489
606,-74.0807442350042
607,-68.17884955700356
608,-68.92561363000368
609,-51.07009252300213
610,-64.44818495200252
611,-69.97709955700338
612,-74.59472523500426
613,-97.13446472400574
614,-54.4392552010022
615,-75.43404330800422
616,-67.08062148399586
617,-97.1298207240061
618,-53.653882128002806
619,-76.00729141100419
620,-75.19206730800397
621,-56.47675620100199
622,-60.09687180599758
623,-69.26525473300353
624,-74.91517033800392
625,-68.97034763000374
626,-82.98056519200509
627,-70.13431463000325
628,-75.79499230800411
629,-72.64347801200256
630,-84.09851836800408
631,-61.32230487900324
632,-84.65963536800427
633,-69.49201563000406
634,-49.21456508699703
635,-75.03802333800377
636,-58.01871920100166
637,-76.14107441100441
638,-82.28038108900455
639,-84.84143136800412
640,-91.79534104600498
641,-67.64590755700374
642,-76.00916241100458
643,-91.9768250460047
644,-70.20050673300375
645,-76.04339641100432
646,-62.75721805500234
647,-97.06877872400582
648,-96.9528577240053
649,-70.03653483600374
650,-66.72036048399605
651,-76.07308841100439
652,-61.77229398200234
653,-77.96256069000356
654,-53.8775450250032
655,-75.5432233080046
656,-74.96596233800392
657,-103.3296124020062
658,-83.0289661920051
659,-67.68873155700385
660,-96.97843972400551
661,-91.80152904600527
662,-68.46408566000355
663,-75.88239533800424
664,-55.90379102500265
665,-84.56667836800443
666,-84.59802536800453
667,-70.07176983600311
668,-69.09857063000345
669,-69.82720055700338
670,-79.44447169000341
671,-76.06524541100407
672,-74.62811833800424
673,-74.87885033800376
674,-62.91173295200315
675,-64.53923598200254
676,-62.421982879003735
677,-75.72036341100466
678,-81.35379801600448
679,-68.17097055700378
680,-69.93742463000399
681,-69.45926463000342
682,-62.812995982002576
683,-63.12990787900253
684,-62.613797982003234
685,-64.49670895200325
686,-64.94312005500251
687,-68.19834055700358
688,-83.05577119200461
689,-60.84700380600316
690,-69.94051873300305
691,-69.62780766000378
692,-62.89263187900269
693,-69.37605666000309
694,-68.08263955700386
695,-69.19583063000391
696,-64.90703905500231
697,-48.67551145000198
698,-50.13817345000189
699,-67.69670166000378
700,-84.9008823680042
701,-75.0098083380044
702,-75.55442930800473
703,-40.181500492999476
704,-76.28697441100394
705,-76.62075651400392
706,-75.88774141100384
707,-97.12406372400528
708,-84.12472836800407
709,-66.8830374839963
710,-69.52333355700375
711,-74.98555333800414
712,-69.45568166000339
713,-69.57340773300348
714,-55.546312201002365
715,-61.77251098200304
716,-56.41462830400178
717,-76.33497851400443
718,-83.99652336800409
719,-64.19735995200244
720,-55.1657592010024
721,-75.59194330800437
722,-75.47335330800433
723,-97.12697572400612
724,-62.35679187900314
725,-68.06101455700355
726,-77.86488269000347
727,-74.86882433800383
728,-67.96978955700342
729,-69.42398866000349
730,-67.94744555700345
731,-90.96008304600491
732,-56.002511274002245
733,-76.15710441100418
734,-74.17716323500463
735,-83.03261919200486
736,-67.77450348399543
737,-82.24864308900487
738,-61.88323787900299
739,-53.00888759600093
740,-68.03375655700347
741,-82.03707308900539
742,-61.28230980599801
743,-83.09399919200496
744,-61.260153805997106
745,-91.81326804600485
746,-74.70527223500449
747,-103.32649340200624
748,-103.32934140200632
749,-77.1506945140045
750,-84.02263636800399
751,-76.16179741100404
752,-53.95164102500257
753,-75.07187733800401
754,-77.92387369000335
755,-76.73854851400392
756,-76.03721241100448
757,-76.08687741100402
758,-54.0646480250025
759,-74.9619933380045
760,-81.95540708900535
761,-74.58474633800415
762,-60.91470187900268
763,-74.4278482350046
764,-57.91062927400253
765,-75.86706130800394
766,-63.3943609520029
767,-71.32540373300344
768,-78.04008269000315
769,-67.6244875570037
770,-76.48765741100397
771,-67.67892155700338
772,-60.907337805996576
773,-77.04542051400404
774,-81.21837501600476
775,-90.7459610460046
776,-54.88651230400228
777,-53.614506128002176
778,-62.51881198200226
779,-90.907905046005
780,-75.9346833380041
781,-78.29669969000315
782,-69.2281867330039
783,-65.00759505500264
784,-75.0491063380041
785,-76.30223341100464
786,-75.20454130800408
787,-61.936542879003355
788,-83.13309319200471
789,-97.0723807240056
790,-90.69715304600504
791,-77.67553069000314
792,-91.68249204600488
793,-69.34960563000368
794,-69.83652373300356
795,-63.327946952003
796,-63.12941287900321
797,-63.230373982002675
798,-74.46893423500387
799,-80.93840601600459
800,-60.82468480600346
801,-76.04864941100459
802,-69.206735630004
803,-53.205836952003665
804,-62.36511287900339
805,-68.97244463000334
806,-54.848014201002115
807,-61.79009380599746
808,-74.04959223500464
809,-58.14969437700165
810,-66.80913048399634
811,-63.80651895200299
812,-84.01078136800425
813,-76.19765641100457
814,-69.46088866000355
815,-76.83625851400393
816,-76.053972411004
817,-74.50833823500398
818,-84.52573836800457
819,-67.91367755700321
820,-90.69544704600503
821,-74.4069862350043
822,-61.10761480599649
823,-56.41410530400208
824,-75.75119730800452
825,-41.35084659600216
826,-66.69623048399626
827,-74.83431833800387
828,-69.29263766000349
829,-63.26471087900245
830,-55.49078820100294
831,-97.1332037240054
832,-69.66057173300305
833,-69.33650463000322
834,-78.05902269000308
835,-77.7737145140045
836,-74.6857973380038
837,-90.84106904600503
838,-74.90787333800381
839,-63.078430952003146
840,-81.25356801600537
841,-71.02845473300385
842,-91.7786540460047
843,-58.25089327400201
844,-84.25297336800395
845,-64.08108895200257
846,-76.06413041100404
847,-68.02377155700378
848,-82.56451108900455
849,-56.623510274002
850,-74.19215823500417
851,-82.30341808900539
852,-66.78458448399579
853,-63.23458705500252
854,-75.52387630800422
855,-60.46265180600312
856,-85.48464936800428
857,-85.74263936800435
858,-77.74342669000362
859,-82.44430208900485
860,-63.043040055003075
861,-67.20414448400425
862,-68.04271555700325
863,-82.3271800890052
864,-68.48523366000336
865,-74.97102533800444
866,-75.78348630800429
867,-63.71636698200291
868,-97.10304972400536
869,-97.13190472400584
870,-103.3898154020062
871,-90.965991046005
872,-68.28555955700449
873,-90.68650004600477
874,-73.28459916199427
875,-84.42014836800445
876,-97.12600372400539
877,-60.546341703003236
878,-75.43476330800422
879,-60.52628687900324
880,-90.91840204600521
881,-60.831485806003
882,-70.16144683600305
883,-61.645271879002394
884,-97.25355972400575
885,-55.81822720100263
886,-83.15315719200498
887,-73.18168616199546
888,-97.02897372400548
889,-49.95829859600144
890,-103.3318694020063
891,-74.06094323500474
892,-68.04287355700399
893,-69.45872863000386
894,-69.42056663000403
895,-76.02565241100456
896,-76.03532241100402
897,-81.23097401600535
898,-69.81494166000357
899,-61.30750280600387
900,-91.7008660460051
901,-89.33993387000555
902,-75.92140741100411
903,-84.03849536800408
904,-66.67885948399635
905,-60.92094880600325
906,-84.10962736800411
907,-68.38118455700351
908,-76.95345351400374
909,-68.14002855700346
910,-85.65259336800409
911,-68.53403766000338
912,-68.10485955700369
913,-70.77174801200272
914,-69.69083863000378
915,-63.339324982002836
916,-89.32244087000527
917,-74.46290123500421
918,-89.34645687000557
919,-54.46935012800259
920,-67.69867455700387
921,-61.896779982002954
922,-67.85491055700368
923,-97.16021172400542
924,-62.646570879002866
925,-68.46326566000334
926,-83.18952919200456
927,-76.85929851400397
928,-86.12212436800382
929,-69.2814666300037
930,-63.61440195200248
931,-103.32677640200654
932,-69.07444966000367
933,-64.06008595200274
934,-67.04263748399535
935,-69.29269573300371
936,-68.84125463000328
937,-84.10527736800395
938,-72.75672516199484
939,-68.54384966000362
940,-76.31268541100417
941,-91.03320104600516
942,-83.08248619200458
943,-66.68226048399629
944,-69.56254673300373
945,-68.01823855700331
946,-69.32040163000329
947,-61.1926838790032
948,-97.12734772400563
949,-76.24411141100427
950,-66.65008648399635
951,-60.0793818059974
952,-75.51168630800476
953,-68.16079355700367
954,-75.08167133800453
955,-63.09421305500291
956,-75.9395804110045
957,-75.86043830800463
958,-69.24608863000321
959,-75.59625633800442
960,-68.66075966000335
961,-74.94677033800417
962,-61.446557879003194
963,-75.73642230800397
964,-76.2946214110043
965,-75.47409030800463
966,-70.69451773300352
967,-77.77209551400392
968,-68.09057655700326
969,-103.29224740200607
970,-69.59135955700367
971,-65.05316205500276
972,-76.0029004110038
973,-53.1219110250031
974,-76.47476241100412
975,-61.20277780599645
976,-56.10340127400195
977,-84.10360136800409
978,-67.80414155700328
979,-61.96133280599679
980,-82.24930708900501
981,-47.31439027399938
982,-83.0389941920048
983,-76.07799341100417
984,-64.03387815800306
985,-85.83341236800425
986,-75.07839033800428
987,-74.17628623500423
988,-70.61113663000378
989,-73.69816523500413
990,-69.92764655700375
991,-90.68773304600472
992,-75.03584333800427
993,-63.44820895200246
994,-74.95769233800456
995,-68.15854255700378
996,-46.88913327400223
997,-66.9258294839965
998,-68.43344255700322
999,-73.18006316199535
1000,-85.77644936800425
1001,-70.56417683600375
1002,-61.380820879002385
1003,-61.42439587900299
1004,-75.98476741100421
1005,-63.775365952003085
1006,-58.91381437700238
1007,-56.401793201001965
1008,-79.87728669000353
1009,-66.85189448400433
1010,-75.02053033800439
1011,-82.54113408900503
1012,-68.73130666000361
1013,-83.23957819200496
1014,-91.02229504600473
1015,-84.13638936800453
1016,-66.88067148399568
1017,-69.66633663000357
1018,-89.3785848700054
1019,-68.11637855700337
1020,-76.0911564110038
1021,-83.0371201920052
1022,-77.95238969000366
1023,-68.95208863000335
1024,-76.64517251400412
1025,-91.95425304600485
1026,-68.47477648399581
1027,-62.22336287900271
1028,-69.82324555700325
1029,-69.85215673300354
1030,-73.65211723500397
1031,-67.6680795570037
1032,-75.73171130800438
1033,-76.81201051400421
1034,-69.35058363000371
1035,-103.30822040200655
1036,-64.17419895200328
1037,-49.62223062600151
1038,-60.275396703003935
1039,-75.88575530800426
1040,-85.87901336800405
1041,-63.920749158002764
1042,-61.30290987900298
1043,-76.92404351400455
1044,-41.933842493001976
1045,-73.77636823500416
1046,-103.18183540200607
1047,-74.6800463380041
1048,-60.785767806003605
1049,-74.81022733800455
1050,-84.11310236800455
1051,-67.36043548400448
1052,-54.40497902500283
1053,-69.61318666000352
1054,-82.61900308900476
1055,-89.30757087000529
1056,-69.44631263000338
1057,-84.64854436800397
1058,-76.10518341100396
1059,-62.99963595200279
1060,-81.32526801600488
1061,-72.67557116199532
1062,-74.5244533380046
1063,-55.871678201002396
1064,-67.10208948399668
1065,-63.06021795200286
1066,-68.52233955700376
1067,-73.40230216199598
1068,-49.244490347002284
1069,-69.12472366000384
1070,-60.71350280600382
1071,-66.91423148399554
1072,-61.968874879003124
1073,-91.22931104600502
1074,-75.12756633800382
1075,-76.1176554110043
1076,-62.27437180599736
1077,-72.83844216199577
1078,-76.26458941100464
1079,-66.65298048399563
1080,-75.12141033800435
1081,-63.676897952002946
1082,-57.360489201001656
1083,-74.42421523500434
1084,-54.23245702500299
1085,-67.74861566000345
1086,-63.919290952002484
1087,-69.45700163000402
1088,-66.96666148399709
1089,-73.21525316199586
1090,-69.00800266000442
1091,-103.36389240200606
1092,-68.09980955700394
1093,-75.67472741100391
1094,-69.53195555700313
1095,-68.40045166000345
1096,-69.97866583600353
1097,-69.29486763000386
1098,-74.63275633800458
1099,-75.10056933800388
1100,-69.53351663000376
1101,-75.83014030800405
1102,-84.8017953680046
1103,-75.93026941100379
1104,-76.46514441100408
1105,-72.61403716199493
1106,-76.29769341100382
1107,-71.33066273300392
1108,-68.53696355700413
1109,-75.4812063080044
1110,-63.07744087900301
1111,-43.95167284500076
1112,-74.73597023500406
1113,-63.12895195200326
1114,-82.53654308900514
1115,-62.314144879003834
1116,-76.00378841100428
1117,-62.080384982003125
1118,-52.75949159600168
1119,-60.03162080599759
1120,-96.97430072400584
1121,-61.092886805998205
1122,-81.24871801600511
1123,-90.91362104600466
1124,-77.00976051400448
1125,-68.59752466000373
1126,-77.0545565140037
1127,-66.79292848399564
1128,-75.76202541100429
1129,-58.989622274001704
1130,-69.81926673300313
1131,-68.23174055700383
1132,-69.20257066000431
1133,-74.1572892350041
1134,-75.90415433800445
1135,-69.33110666000357
1136,-78.72723969000344
1137,-63.86463695200291
1138,-69.24099673300316
1139,-85.51414636800382
1140,-76.44198641100411
1141,-74.6449982350041
1142,-69.1736686300037
1143,-90.82104204600455
1144,-97.10287472400523
1145,-74.71859333800421
1146,-69.44126563000373
1147,-70.42228283600343
1148,-41.401103669001714
1149,-69.45221873300306
1150,-68.01662255700376
1151,-61.8121268790037
1152,-60.57372587900318
1153,-69.06327263000367
1154,-67.76387448399691
1155,-68.40652348399635
1156,-103.28942740200637
1157,-76.05488141100432
1158,-62.35219280599813
1159,-69.81014073300321
1160,-91.40739204600504
1161,-97.1681477240054
1162,-69.88741373300309
1163,-75.87380433800445
1164,-70.26617963000353
1165,-97.08812672400563
1166,-46.738309918000596
1167,-83.10818019200451
1168,-62.96323695200317
1169,-57.96336627400251
1170,-68.33024855700387
1171,-62.28341711699795
1172,-75.59519441100383
1173,-75.75299830800395
1174,-67.61611755700324
1175,-76.37676741100404
1176,-57.99837827400188
1177,-63.254864879002525
1178,-69.30714263000391
1179,-89.18286187000558
1180,-76.4708334110046
1181,-89.34709087000556
1182,-55.74958133599648
1183,-72.64379016199564
1184,-67.64326848399651
1185,-69.79503373300395
1186,-77.26009151400376
1187,-73.86289023500467
1188,-60.25844370300365
1189,-75.52307930800453
1190,-76.41267541100387
1191,-69.31564363000325
1192,-57.1303212740022
1193,-76.02737041100409
1194,-82.60634808900522
1195,-75.5299473380046
1196,-66.92078548399695
1197,-97.1750847240055
1198,-67.57443048399546
1199,-74.47892423500434
1200,-48.982123523001974
1201,-74.64541923500474
1202,-83.10825619200477
1203,-71.26593173300353
1204,-67.03369648399712
1205,-63.487538879002386
1206,-68.47194166000372
1207,-91.70089104600538
1208,-90.889846046005
1209,-76.422124411004
1210,-75.55227533800462
1211,-68.43027555700337
1212,-75.09577233800428
1213,-96.9828507240054
1214,-50.30286708800122
1215,-76.32142241100428
1216,-67.94299455700366
1217,-74.17488923500423
1218,-90.7480180460052
1219,-82.32284808900476
1220,-97.04560172400579
1221,-97.04584972400608
1222,-61.83158198200272
1223,-64.90658205500313
1224,-75.06407533800393
1225,-66.96360455700324
1226,-76.23542141100461
1227,-90.65802304600493
1228,-62.621636879002835
1229,-60.923369805997936
1230,-68.29716266000378
1231,-68.48129255700314
1232,-68.53559255700384
1233,-75.51277730800393
1234,-66.60833948399704
1235,-63.551072879003186
1236,-75.31763030800448
1237,-97.07095372400545
1238,-66.95559355700334
1239,-73.20268616199428
1240,-81.34278501600511
1241,-63.82907595200322
1242,-67.97338655700332
1243,-68.5092725570039
1244,-85.6640843680043
1245,-77.16081451400441
1246,-69.21393666000313
1247,-61.4502608790026
1248,-81.06898801600528
1249,-90.9024710460053
1250,-84.70633436800381
1251,-68.2317806600031
1252,-75.18719533800413
1253,-75.1782463380041
1254,-62.62385495200306
1255,-74.75795833800385
1256,-103.30770640200626
1257,-61.96609780599647
1258,-56.23340230400299
1259,-77.98982969000372
1260,-66.68771448399639
1261,-69.14161763000357
1262,-76.82418051400418
1263,-84.4169383680046
1264,-70.07703463000325
1265,-55.6017890250032
1266,-65.14752505500292
1267,-74.16173623500435
1268,-63.23985405500298
1269,-69.5042796600037
1270,-75.56283141100448
1271,-61.594505806003326
1272,-68.3245955570037
1273,-103.37825440200686
1274,-76.92963151400454
1275,-81.22990901600497
1276,-82.56055908900544
1277,-68.98246163000385
1278,-67.9506555570033
1279,-70.77382183600366
1280,-69.46078673300326
1281,-70.32263963000332
1282,-75.55865730800451
1283,-96.85128172400528
1284,-62.66301795200252
1285,-74.50631523500397
1286,-53.58676102500249
1287,-84.63538136800435
1288,-84.01157236800464
1289,-77.71003169000323
1290,-54.20085612800267
1291,-69.94818983600362
1292,-62.40852487900338
1293,-74.16519423500449
1294,-62.746489952002776
1295,-62.822331879003286
1296,-96.93252272400605
1297,-56.5138643040018
1298,-76.32383041100456
1299,-69.55927463000353
1300,-62.84013487900302
1301,-68.99866663000375
1302,-61.52348587900269
1303,-76.49506441100402
1304,-56.32186720100162
1305,-66.64889448399663
1306,-66.71896448399639
1307,-56.59979827400184
1308,-67.17638755700318
1309,-84.65505336800379
1310,-69.48792566000338
1311,-68.10356055700322
1312,-68.98777063000398
1313,-76.33912551400408
1314,-60.9976238060035
1315,-66.65175548399566
1316,-63.563779982002416
1317,-75.85160041100426
1318,-61.41847687900281
1319,-91.83470504600518
1320,-70.16690773300343
1321,-56.78982437700233
1322,-75.54366430800474
1323,-63.03509305500302
1324,-82.47812908900505
1325,-68.13145755700316
1326,-69.07061166000403
1327,-67.84361055700356
1328,-63.93650095200246
1329,-74.52042223500393
1330,-66.72182048399554
1331,-76.7031714110044
1332,-74.85429333800403
1333,-90.84522304600523
1334,-97.09668472400608
1335,-62.98479295200286
1336,-76.31313341100395
1337,-90.81658704600522
1338,-68.0537735570033
1339,-90.61719604600512
1340,-96.90659372400569
1341,-96.90562072400553
1342,-69.40391263000402
1343,-74.06353023500469
1344,-61.65961098200296
1345,-71.38471801200285
1346,-66.64122148399656
1347,-90.7460210460049
1348,-77.69539769000312
1349,-60.83139580599709
1350,-74.54592323500401
1351,-82.3241290890046
1352,-89.22815487000571
1353,-70.78066901200236
1354,-68.22633866000342
1355,-97.13737172400579
1356,-69.38354766000339
1357,-70.4836946600035
1358,-69.99647873300364
1359,-75.78439130800416
1360,-62.74884595200274
1361,-61.89687480599787
1362,-61.75915487900238
1363,-82.83925319200443
1364,-68.99205363000328
1365,-74.73917333800455
1366,-39.97353059600209
1367,-72.57907916199474
1368,-97.06178272400575
1369,-81.00335801600522
1370,-70.6101456300039
1371,-76.89468941100404
1372,-103.33235440200679
1373,-54.108138201002475
1374,-74.55019323500437
1375,-49.29428534700219
1376,-66.2221164839957
1377,-97.04367572400588
1378,-62.24656787900312
1379,-63.6139309520031
1380,-67.12520255700383
1381,-82.33923208900524
1382,-76.76949751400389
1383,-68.84839066000313
1384,-73.22630216199468
1385,-63.29079695200289
1386,-79.76936569000372
1387,-91.0033580460049
1388,-82.65256108900485
1389,-69.95978073300375
1390,-63.78111787900252
1391,-103.34325140200599
1392,-56.45798220100187
1393,-69.64316863000386
1394,-90.93561804600449
1395,-69.87324373300362
1396,-44.75155974200152
1397,-69.58398363000379
1398,-82.54834108900468
1399,-67.70643255700361
1400,-71.06266001200311
1401,-68.74597466000341
1402,-97.07077272400602
1403,-67.23844755700338
1404,-63.91897095200329
1405,-76.33587241100395
1406,-61.77225098200233
1407,-68.224929660003
1408,-72.9000891619944
1409,-55.96174602500287
1410,-90.78051404600501
1411,-64.14546595200318
1412,-103.30085940200661
1413,-78.07968869000342
1414,-68.36695555700317
1415,-68.12779255700389
1416,-68.94849963000343
1417,-67.97684955700333
1418,-70.40269273300328
1419,-81.22561401600524
1420,-69.58209173300384
1421,-63.36059605500304
1422,-76.36849141100447
1423,-69.01884866000364
1424,-90.88787304600464
1425,-66.92633648399533
1426,-90.91401204600515
1427,-97.05147372400552
1428,-76.1497994110041
1429,-68.91397166000388
1430,-76.87173651400371
1431,-64.17409195200253
1432,-68.06609555700379
1433,-77.06626851400415
1434,-75.74899430800451
1435,-64.9018100550029
1436,-64.06917795200297
1437,-74.91516233800394
1438,-66.15980848399704
1439,-68.97756563000348
1440,-84.82063936800387
1441,-68.44017566000366
1442,-60.949047806003364
1443,-63.388111982002556
1444,-67.75349448399538
1445,-64.55689995200282
1446,-60.84543280600337
1447,-75.76521341100397
1448,-69.34362463000343
1449,-67.8936465570032
1450,-69.0623936300035
1451,-60.54733270300312
1452,-77.87823369000307
1453,-74.90598233800392
1454,-97.07946472400545
1455,-75.76056030800464
1456,-69.62306963000356
1457,-79.92196269000306
1458,-63.46947105500294
1459,-72.61422716199559
1460,-55.51050612799918
1461,-67.97602955700313
1462,-63.39443687900257
1463,-67.35996148400409
1464,-66.82406448399706
1465,-69.5209016600038
1466,-73.6952102350042
1467,-70.63324363000356
1468,-67.61536455700389
1469,-75.78785730800428
1470,-69.13963766000415
1471,-68.73472355700324
1472,-69.69801766000364
1473,-97.02671372400528
1474,-74.20404223500464
1475,-75.82981741100411
1476,-78.01365469000302
1477,-54.924664335998386
1478,-84.11444936800399
1479,-68.678097660003
1480,-72.83431516199562
1481,-90.83754604600472
1482,-96.94015372400554
1483,-72.29303716199502
1484,-63.50663987900316
1485,-62.71903695200308
1486,-66.84991248399638
1487,-74.50373423500423
1488,-67.9108915570032
1489,-97.17328272400573
1490,-62.40286687900334
1491,-76.05666241100425
1492,-69.450289557004
1493,-68.4679915570041
1494,-74.07423823500449
1495,-82.68249208900488
1496,-75.19202433800456
1497,-83.24083319200508
1498,-90.76967104600499
1499,-91.25205404600456
1500,-74.51392223500443
1501,-75.09314533800443
1502,-75.78808441100409
1503,-67.66286655700333
1504,-84.79724336800427
1505,-32.501490742001806
1506,-75.36029130800398
1507,-71.76665983600378
1508,-97.1220297240061
1509,-63.07754887900319
1510,-59.08358527400196
1511,-74.89058033800393
1512,-82.38148708900462
1513,-75.58272533800391
1514,-60.909274805997484
1515,-90.85376304600504
1516,-67.90842655700362
1517,-83.12366019200454
1518,-62.50340698200307
1519,-83.05713019200448
1520,-96.85851272400578
1521,-47.95000234700274
1522,-83.10845619200518
1523,-75.0716913380038
1524,-76.43372441100382
1525,-76.28953541100418
1526,-68.70828066000377
1527,-56.520304201001636
1528,-60.953547805997005
1529,-75.830970308004
1530,-75.10319133800385
1531,-75.83028741100406
1532,-47.47850934700182
1533,-82.27603308900507
1534,-76.04454241100393
1535,-97.14810072400542
1536,-85.8547983680046
1537,-82.99144719200467
1538,-76.27696841100442
1539,-68.4478336600032
1540,-68.4819976600038
1541,-66.61292048399628
1542,-74.62479123500452
1543,-90.6902520460053
1544,-69.68832963000386
1545,-68.29975255700447
1546,-75.18150533800417
1547,-85.77578736800388
1548,-57.62169927400191
1549,-67.93819555700338
1550,-74.45571923500393
1551,-68.6119746600034
1552,-75.61277130800408
1553,-70.80840573300338
1554,-75.05224333800379
1555,-97.03173372400579
1556,-66.88909248399614
1557,-75.64032630800466
1558,-63.487758055002814
1559,-82.98727919200519
1560,-62.63310698200257
1561,-55.34866712800249
1562,-97.02019072400526
1563,-76.2715824110046
1564,-67.43871248399591
1565,-56.92768827400232
1566,-80.89976301600473
1567,-75.79817741100396
1568,-68.26862055700349
1569,-74.545794235004
1570,-91.04454204600461
1571,-97.05014072400536
1572,-62.12053498200294
1573,-76.04175641100392
1574,-50.73988180200104
1575,-81.19263301600495
1576,-74.53183923500455
1577,-97.08175372400547
1578,-64.66641195200282
1579,-76.27899441100453
1580,-67.90746455700355
1581,-76.08366741100417
1582,-71.92975483600367
1583,-62.305445879002946
1584,-67.4499714839967
1585,-61.01152480600376
1586,-73.30343716199604
1587,-54.393783128002724
1588,-90.84082704600496
1589,-91.7849910460045
1590,-56.74903727400215
1591,-64.21118695200312
1592,-61.76649980599723
1593,-48.607025450002766
1594,-63.170338879002884
1595,-60.92316380599732
1596,-68.92882663000364
1597,-74.73444633800409
1598,-103.32030540200685
1599,-70.2850968360035
1600,-61.38804887900278
1601,-68.18638255700353
1602,-34.23796391800079
1603,-74.42402223500449
1604,-68.064704557004
1605,-82.56993908900495
1606,-82.5526930890046
1607,-54.503029025002434
1608,-103.20324440200602
1609,-61.931260879002366
1610,-72.76422616199488
1611,-90.68673204600509
1612,-103.18884840200644
1613,-69.64399566000338
1614,-80.81714701600504
1615,-103.34427340200637
1616,-61.914900805997604
1617,-61.9681009820024
1618,-76.39677651400416
1619,-82.57687908900516
1620,-58.00013137700171
1621,-67.94518055700337
1622,-72.88071016199501
1623,-74.5765272350045
1624,-76.32640341100432
1625,-69.1507926300037
1626,-69.71595866000371
1627,-62.71677995200298
1628,-96.9821277240053
1629,-60.92777880599715
1630,-67.60499055700348
1631,-68.00790455700371
1632,-85.51544036800442
1633,-61.69284998200237
1634,-77.36329469000339
1635,-84.68178336800429
1636,-97.0712437240054
1637,-69.18179973300357
1638,-40.461541669001235
1639,-90.8350630460045
1640,-61.851153879003505
1641,-68.3259125570039
1642,-69.70587355700354
1643,-63.6061108790027
1644,-67.43908955700317
1645,-85.75759436800399
1646,-89.33393687000535
1647,-69.07874863000325
1648,-60.95143380600348
1649,-64.32142795200252
1650,-69.51683873300317
1651,-63.270373952002956
1652,-70.3197446300037
1653,-73.45065616199463
1654,-72.87897416199485
1655,-81.3249600160052
1656,-76.28003541100406
1657,-68.04476655700364
1658,-84.27364336800383
1659,-65.0168020550027
1660,-69.88593773300363
1661,-75.85487030800414
1662,-69.1532296300038
1663,-73.09144916199511
1664,-61.01079280600334
1665,-89.34018587000537
1666,-62.15951380599654
1667,-61.420495879002374
1668,-64.2367909520026
1669,-75.12284033800461
1670,-75.29897033800444
1671,-70.56357583600311
1672,-60.93201480600328
1673,-74.41628523500458
1674,-62.736645879002936
1675,-74.96234233800442
1676,-69.90237073300341
1677,-68.3526236600037
1678,-74.63788433800437
1679,-74.50370823500452
1680,-63.78219087900288
1681,-60.55873670300389
1682,-62.36434787900362
1683,-74.50594423500388
1684,-68.26602455700322
1685,-68.75443963000362
1686,-90.67322304600475
1687,-73.96780823500467
1688,-69.39965563000351
1689,-81.35426301600455
1690,-77.12853351400372
1691,-69.33250763000342
1692,-74.52134923500398
1693,-76.32778241100459
1694,-83.2304571920049
1695,-62.10773987900302
1696,-63.77623187900281
1697,-71.06267401200239
1698,-70.48749683600363
1699,-74.4958573380045
1700,-74.56298723500458
1701,-68.21828455700324
1702,-75.98510441100461
1703,-62.8672274429955
1704,-66.83996148399638
1705,-76.48368841100455
1706,-90.70857804600473
1707,-83.22472619200471
1708,-75.1928253080041
1709,-97.12448872400546
1710,-69.28001473300355
1711,-62.17954987900339
1712,-67.60790455700317
1713,-75.43024330800472
1714,-76.18133441100417
1715,-60.544812879003075
1716,-90.94833104600457
1717,-74.46379423500457
1718,-69.57873873300377
1719,-68.2056295570037
1720,-75.1260573380041
1721,-33.283554741999524
1722,-90.86491604600451
1723,-56.74924320100217
1724,-53.88479402500252
1725,-68.55276755700379
1726,-83.06360719200529
1727,-96.90459772400573
1728,-63.903892952002934
1729,-76.02012341100453
1730,-83.22206119200473
1731,-76.93423651400371
1732,-96.98724572400533
1733,-73.4021091619943
1734,-60.459026703003474
1735,-74.60532333800438
1736,-63.35850587900313
1737,-56.6566682010025
1738,-82.53806408900527
1739,-74.11831623500439
1740,-67.4428144839967
1741,-70.00090383600309
1742,-63.13347287900251
1743,-74.07414123500439
1744,-68.62090466000336
1745,-69.52723266000339
1746,-71.1959540120024
1747,-71.21646201200292
1748,-61.529711879003116
1749,-74.73961033800424
1750,-68.24270555700332
1751,-69.32013763000396
1752,-97.12450872400586
1753,-69.48132773300313
1754,-69.92031363000388
1755,-67.45788348399583
1756,-69.4659896300036
1757,-29.914811313000428
1758,-61.85761980599818
1759,-74.44908923500407
1760,-77.88021069000388
1761,-97.01513072400576
1762,-69.15727666000384
1763,-63.06516395200288
1764,-75.18304733800414
1765,-74.74978733800435
1766,-75.72978830800457
1767,-68.55182755700389
1768,-61.042845805997786
1769,-69.55820966000374
1770,-84.0955133680045
1771,-77.9410845140037
1772,-66.87715848399603
1773,-55.549596335997194
1774,-97.17279072400561
1775,-76.3810004110046
1776,-96.97116172400547
1777,-70.12031763000323
1778,-60.54233487900274
1779,-74.91185233800388
1780,-71.40496501200232
1781,-69.1365186300036
1782,-74.65058433800459
1783,-66.2135764839968
1784,-70.00077783600318
1785,-68.74190466000346
1786,-77.8620236900033
1787,-62.85628844299572
1788,-97.18248272400524
1789,-61.790970982002364
1790,-71.01406073300313
1791,-66.62213048399644
1792,-69.94154473300387
1793,-74.53194033800446
1794,-82.91664219200447
1795,-76.27650841100422
1796,-61.338027805997626
1797,-75.5871103380041
1798,-85.953468368004
1799,-82.49291708900455
1800,-73.13745216199459
1801,-63.14249615800236
1802,-66.80371648399705
1803,-61.095450805996734
1804,-103.3402744020068
1805,-63.08606895200319
1806,-74.66077733800375
1807,-76.41318141100419
1808,-90.77851704600471
1809,-64.22277895200295
1810,-62.70214795200263
1811,-66.72358448399609
1812,-76.37470541100447
1813,-103.30388540200602
1814,-73.13121116199545
1815,-80.90256101600517
1816,-61.865458982002565
1817,-103.30218540200622
1818,-63.56506095200257
1819,-68.17961555700367
1820,-103.36984140200639
1821,-69.5202967330033
1822,-69.58813855700373
1823,-69.18799873300304
1824,-75.60032033800417
1825,-67.45453155700397
1826,-75.9556454110043
1827,-75.0698853380045
1828,-58.29237420100162
1829,-90.78572904600514
1830,-97.02822372400533
1831,-33.486454742002024
1832,-75.01882633800415
1833,-69.59129366000343
1834,-62.12646187900282
1835,-56.988445274002515
1836,-60.59629570300331
1837,-75.22706430800463
1838,-69.36053263000395
1839,-67.59742155700314
1840,-75.5580773380043
1841,-63.26178895200246
1842,-67.80640966000374
1843,-76.26693641100428
1844,-74.92369133800457
1845,-69.1893076300039
1846,-68.97685963000367
1847,-68.89456463000352
1848,-70.1618938360034
1849,-73.29973216199505
1850,-72.66876216199489
1851,-60.10316670300381
1852,-68.66844966000372
1853,-57.89011327400203
1854,-74.9303233380042
1855,-90.83676204600488
1856,-68.06129755700385
1857,-76.2241474110042
1858,-70.01930873300353
1859,-103.39474940200671
1860,-75.78478230800465
1861,-74.21084023500407
1862,-76.02961741100444
1863,-64.42496195200329
1864,-61.09438380600295
1865,-75.79808941100418
1866,-69.28097366000384
1867,-90.79907704600464
1868,-76.34233741100434
1869,-61.267465805996835
1870,-74.67321923500458
1871,-82.5360420890047
1872,-90.94994504600527
1873,-69.97921355700328
1874,-42.649417669001195
1875,-50.91599752300226
1876,-85.56262436800444
1877,-76.07450841100399
1878,-77.08807251400412
1879,-60.033694805997584
1880,-62.33525180599645
1881,-68.03953355700378
1882,-67.95509166000375
1883,-76.32969341100397
1884,-91.00289004600472
1885,-51.051753523001935
1886,-69.01480663000348
1887,-74.5907103380041
1888,-82.3348540890047
1889,-74.40611923500455
1890,-74.01295923500402
1891,-90.62949004600523
1892,-69.60906463000356
1893,-74.59318423500463
1894,-74.425568235004
1895,-76.8710645140045
1896,-68.60043266000321
1897,-97.01278472400554
1898,-90.67597204600497
1899,-74.32466623500386
1900,-75.92582341100388
1901,-67.9537295570035
1902,-66.10358548399563
1903,-68.35153155700391
1904,-97.02076472400586
1905,-63.088107879002564
1906,-81.30407701600507
1907,-97.07629072400596
1908,-68.08628548399611
1909,-69.64923766000356
1910,-62.296889879003174
1911,-85.65603736800404
1912,-84.57524636800463
1913,-70.02125383600378
1914,-71.29801073300314
1915,-97.06525872400562
1916,-75.8403783080048
1917,-90.86212304600485
1918,-74.51504823500454
1919,-67.86398948399619
1920,-66.48190348399658
1921,-82.34966808900481
1922,-76.20521041100437
1923,-66.9216734840038
1924,-68.49571548399581
1925,-69.47107163000328
1926,-62.661545055002534
1927,-69.55538773300304
1928,-74.87633133800409
1929,-61.748344805997476
1930,-58.86738837700159
1931,-74.5132242350046
1932,-48.24990934700236
1933,-35.29868909400102
1934,-103.32834140200612
1935,-74.91105733800396
1936,-69.15694466000423
1937,-68.06092355700366
1938,-76.3069664110044
1939,-75.74140630800412
1940,-76.10112341100466
1941,-54.10238920100164
1942,-83.06046119200528
1943,-91.75976104600522
1944,-74.60602233800455
1945,-83.03117019200454
1946,-62.683286982002755
1947,-62.33528287900299
1948,-68.2159775570035
1949,-68.47711855700345
1950,-77.79981469000359
1951,-66.40097148399582
1952,-82.54159108900512
1953,-75.893128411004
1954,-63.79312287900302
1955,-64.10668095200253
1956,-81.00373401600518
1957,-76.64750551400448
1958,-90.7801680460052
1959,-77.14581851400453
1960,-83.99475536800401
1961,-63.993700952002655
1962,-77.90567569000359
1963,-62.216617879003024
1964,-86.05846536800436
1965,-74.8355763380041
1966,-62.254997879002985
1967,-57.932881274002284
1968,-70.79767573300342
1969,-44.13903584500076
1970,-97.04042372400545
1971,-97.12250772400603
1972,-63.16445605500303
1973,-62.53165995200288
1974,-73.76604923500417
1975,-69.74227866000365
1976,-62.77549198200359
1977,-74.08247223500439
1978,-68.75831066000319
1979,-75.50574630800475
1980,-74.84609333800381
1981,-96.93875572400611
1982,-64.9011730550028
1983,-62.34467398200286
1984,-74.52123723500426
1985,-84.64366336800413
1986,-62.27179987900308
1987,-90.92068704600479
1988,-62.57146695200299
1989,-75.90526241100451
1990,-76.7647095140037
1991,-71.2730647330036
1992,-79.79210269000305
1993,-91.0435560460046
1994,-82.56289408900466
1995,-63.6723429820031
1996,-61.95575187900249
1997,-63.159244055003
1998,-68.47086955700343
1999,-63.32592995200321
2000,-72.74250516199572
2001,-61.93245487900367
2002,-69.00620666000395
2003,-74.78962333800428
2004,-76.3742234110041
2005,-65.09142405500279
2006,-66.35686048399657
2007,-67.31010548399536
2008,-48.452493450002294
2009,-69.20499363000363
2010,-76.40325841100457
2011,-76.28113141100403
2012,-50.0159085230016
2013,-62.78445295200254
2014,-67.04956748399673
2015,-67.9536495570037
2016,-83.10826719200486
2017,-90.8417940460049
2018,-56.93599220100168
2019,-56.74991127400244
2020,-90.88661304600464
2021,-63.35219295200295
2022,-76.18007941100404
2023,-75.55300833800447
2024,-57.472363201001826
2025,-61.517066805998184
2026,-75.08323333800399
2027,-63.036556952002684
2028,-91.97667504600486
2029,-76.05131441100457
2030,-77.88337669000339
2031,-68.2217485570036
2032,-62.60964587900253
2033,-66.80250848399555
2034,-56.78833320100239
2035,-60.60259470300389
2036,-75.02338433800378
2037,-66.54474748399662
2038,-68.50895955700344
2039,-55.60456912800237
2040,-74.50629523500447
2041,-74.90340333800395
2042,-81.22201501600466
2043,-73.30019416199502
2044,-90.5177630460048
2045,-97.12148472400531
2046,-48.30987045000256
2047,-68.85352866000358
2048,-47.31497734700224
2049,-85.9379693680039
2050,-65.00963505500295
2051,-62.33337487900371
2052,-55.60530320100224
2053,-76.30666241100425
2054,-82.23752808900463
2055,-90.98616104600478
2056,-77.2215345140039
2057,-67.03509248399678
2058,-85.66400936800437
2059,-76.97362351400443
2060,-57.364751201002036
2061,-57.67342520100192
2062,-68.32736266000302
2063,-90.91865304600469
2064,-68.27762066000378
2065,-41.36315749300229
2066,-56.94977727400237
2067,-56.013703304002775
2068,-61.325552805998086
2069,-67.72591066000314
2070,-66.10758848399564
2071,-64.98389905500244
2072,-103.35317840200605
2073,-68.74068355700365
2074,-63.212151879002704
2075,-70.50399873300375
2076,-97.05675272400549
2077,-49.669967523001105
2078,-82.24827608900523
2079,-69.71065266000369
2080,-69.36866863000341
2081,-77.12540241100396
2082,-70.41665763000401
2083,-69.2660646600034
2084,-67.066031483997
2085,-75.02731433800454
2086,-61.73513198200271
2087,-62.41035680599816
2088,-63.193777952003074
2089,-69.98599373300385
2090,-75.12140233800437
2091,-69.21084563000386
2092,-70.62515073300347
2093,-74.18577423500392
2094,-49.47782434700184
2095,-70.17855763000352
2096,-103.17065440200622
2097,-77.95272369000304
2098,-63.29715287900308
2099,-69.73655473300369
2100,-72.15142116199604
2101,-68.81344666000314
2102,-72.24448816199583
2103,-68.49489748399537
2104,-73.35900016199594
2105,-63.26076987900251
2106,-76.23771641100393
2107,-76.30902341100409
2108,-67.98721555700376
2109,-90.91449404600462
2110,-60.274647806003486
2111,-82.5666090890054
2112,-62.792608982003
2113,-63.77598295200278
2114,-66.76417555700391
2115,-68.73911966000378
2116,-76.40240841100422
2117,-64.17517295200287
2118,-75.12301933800427
2119,-76.92691151400413
2120,-67.49224248399696
2121,-75.36519733800469
2122,-97.12328372400589
2123,-90.734136046005
2124,-85.8771233680045
2125,-82.0705350890048
2126,-68.48464566000348
2127,-90.75144204600474
2128,-63.527934879002714
2129,-97.0964767240057
2130,-90.8583960460046
2131,-79.91017969000313
2132,-75.58315133800443
2133,-90.96147204600493
2134,-97.0551157240061
2135,-46.543976918000226
2136,-103.19693740200637
2137,-84.64864836800461
2138,-68.86490655700345
2139,-76.07670141100425
2140,-69.80963873300334
2141,-74.55610923500444
2142,-68.14333755700318
2143,-76.40264241100431
2144,-75.06399533800413
2145,-81.36924601600458
2146,-61.727587805997246
2147,-81.35419401600484
2148,-76.26182841100399
2149,-69.93427773300391
2150,-62.59835087900319
2151,-68.21404066000377
2152,-84.67631236800389
2153,-68.19088855700375
2154,-62.36512687900267
2155,-68.08420155700333
2156,-66.48233648399582
2157,-91.56842604600479
2158,-73.42284116199517
2159,-97.10369272400567
2160,-84.64339236800424
2161,-70.31207963000361
2162,-76.39109241100414
2163,-75.67343230800452
2164,-75.07011633800448
2165,-57.27064320100271
2166,-62.6771048790024
2167,-69.93901073300367
2168,-97.02480672400543
2169,-91.78816804600501
2170,-74.4585412350043
2171,-69.52591963000395
2172,-74.91464033800457
2173,-70.13632973300355
2174,-68.26364155700412
2175,-67.64327955700355
2176,-67.24706748400422
2177,-85.74258536800426
2178,-53.943490025002575
2179,-77.3635036900032
2180,-68.5185854839965
2181,-63.44325015800223
2182,-84.65900436800439
2183,-86.02234636800404
2184,-62.707286952002505
2185,-82.33088208900517
2186,-55.61801612800264
2187,-77.18701051400421
2188,-62.2761828790035
2189,-74.70962023500397
2190,-66.75351348399636
2191,-84.43301036800403
2192,-60.852984806003406
2193,-82.28184108900496
2194,-74.49520323500474
2195,-85.55813036800373
2196,-63.83099695200326
2197,-79.89900069000305
2198,-61.32492280599763
2199,-56.803223201001856
2200,-74.85094633800418
2201,-67.96976155700395
2202,-75.9246784110046
2203,-63.12949087900324
2204,-75.78110841100442
2205,-74.43197023500397
2206,-77.99539369000377
2207,-61.50754787900314
2208,-80.93377001600493
2209,-75.58662733800429
2210,-90.90673604600488
2211,-68.81300263000321
2212,-62.843891952003105
2213,-63.04245198200351
2214,-61.29714980599783
2215,-76.2945474110038
2216,-69.50296866000372
2217,-61.314661805998185
2218,-67.54994548399554
2219,-82.50324108900531
2220,-54.98535833599817
2221,-76.09472541100422
2222,-76.04278041100406
2223,-75.1160833380045
2224,-90.81701904600504
2225,-54.88729133599554
2226,-55.86334227400221
2227,-73.22695216199463
2228,-66.71834148399648
2229,-76.89800651400401
2230,-58.02309427400178
2231,-76.10243141100455
2232,-41.255922596002165
2233,-55.44298812800298
2234,-91.15160704600476
2235,-63.500531879002665
2236,-66.16519848399548
2237,-69.10915663000378
2238,-69.49389763000363
2239,-97.17381472400575
2240,-91.0014980460046
2241,-51.430813523001234
2242,-60.98186880599678
2243,-72.17131016199528
2244,-97.02060272400558
2245,-82.95421319200523
2246,-76.21647441100413
2247,-68.12486255700333
2248,-64.66678895200312
2249,-55.110752128003696
2250,-82.55202308900516
2251,-61.4266818790029
2252,-61.65283798200289
2253,-67.9762315570033
2254,-90.7501150460048
2255,-81.35909801600519
2256,-73.88728223500402
2257,-55.55146612799763
2258,-103.28884040200683
2259,-74.10406723500455
2260,-76.78418051400422
2261,-60.922355806003
2262,-83.19844219200513
2263,-97.06813172400598
2264,-84.85934636800448
2265,-70.85969083600321
2266,-66.66912248399603
2267,-56.53402220100179
2268,-90.86455804600519
2269,-97.01861672400537
2270,-75.53511433800395
2271,-84.0571553680038
2272,-76.09177741100393
2273,-62.76368987900241
2274,-103.3688934020065
2275,-67.15723648400399
2276,-76.96105141100452
2277,-68.80624666000313
2278,-74.91211733800446
2279,-97.11289972400573
2280,-62.32781987900307
2281,-69.54101663000347
2282,-74.92048533800426
2283,-70.3620916300033
2284,-82.05874708900501
2285,-67.98974266000369
2286,-51.021717523000916
2287,-83.10916019200522
2288,-57.93484427400199
2289,-75.58766833800382
2290,-61.07303280600354
2291,-70.28299073300332
2292,-65.37444505500298
2293,-74.9881633380046
2294,-69.6584066600035
2295,-63.5276749520026
2296,-67.65792548399622
2297,-74.13919223500397
2298,-97.83135272400523
2299,-58.74637437700221
2300,-74.6736693380044
2301,-75.92537033800454
2302,-70.2933878360036
2303,-61.121534879002866
2304,-63.26569987900257
2305,-60.60120070300309
2306,-75.8781143380038
2307,-61.81245198200304
2308,-57.27736348000144
2309,-68.07624255700375
2310,-56.811847764998674
2311,-67.35725855700366
2312,-76.24784141100463
2313,-66.6123014839959
2314,-69.64473673300381
2315,-96.99009272400599
2316,-90.96154704600485
2317,-69.01879766000366
2318,-90.78753304600468
2319,-68.08077255700391
2320,-97.01632072400571
2321,-62.69392005500231
2322,-84.66356236800402
2323,-51.079062523001994
2324,-86.01061136800399
2325,-63.91768195200257
2326,-75.59330933800447
2327,-74.95657833800396
2328,-82.32154508900476
2329,-84.70156136800415
2330,-63.00530105500275
2331,-75.98602841100455
2332,-39.579592493001655
2333,-71.30631673300377
2334,-76.21558941100466
2335,-76.83880851400409
2336,-74.97702833800395
2337,-77.27893551400393
2338,-85.864175368004
2339,-61.409272879002856
2340,-75.23802130800414
2341,-103.28640440200616
2342,-64.99185205500271
2343,-103.22358140200686
2344,-60.90919780599688
2345,-64.11573195200253
2346,-68.21046755700354
2347,-63.047485879003034
2348,-74.96040133800398
2349,-70.32881283600364
2350,-90.55136904600477
2351,-75.74197230800473
2352,-79.96973969000373
2353,-78.75905669000349
2354,-90.8380710460051
2355,-69.70113273300376
2356,-74.98329633800404
2357,-69.03105063000385
2358,-91.74825304600472
2359,-67.48350555700381
2360,-57.49345748000178
2361,-91.58591604600497
2362,-74.61229433800418
2363,-83.99540236800385
2364,-76.28635141100403
2365,-50.88838352300172
2366,-61.36011187900294
2367,-69.09826066000369
2368,-75.91328830800467
2369,-68.12853455700315
2370,-83.18544319200464
2371,-67.99956755700441
2372,-69.41358263000348
2373,-103.30142340200655
2374,-76.3385394110046
2375,-81.25015601600535
2376,-76.35327341100401
2377,-82.59705808900526
2378,-61.81263787900298
2379,-73.40794216199538
2380,-62.22668887900363
2381,-90.86588104600469
2382,-68.6826856600037
2383,-74.99351633800416
2384,-66.86832748399684
2385,-83.1966441920049
2386,-68.07572055700348
2387,-69.43461063000359
2388,-61.30535787900317
2389,-67.04195448399696
2390,-62.24315987900354
2391,-97.13089772400599
2392,-62.26688887900309
2393,-57.30184848000226
2394,-83.15273719200468
2395,-68.18913555700328
2396,-68.17481155700352
2397,-103.31966640200608
2398,-77.8997676900035
2399,-75.58583830800399
2400,-62.55091087900291
2401,-69.54008573300325
2402,-61.90969080599643
2403,-83.05286619200524
2404,-76.33368641100424
2405,-97.0927427240058
2406,-73.89305223500469
2407,-63.41484287900312
2408,-103.31968140200661
2409,-68.93786666000415
2410,-84.67730236800435
2411,-62.69453887900272
2412,-69.15872863000368
2413,-97.05497672400543
2414,-70.51939683600358
2415,-76.50241041100435
2416,-68.0485335570038
2417,-84.69847836800454
2418,-63.14703987900248
2419,-67.69982448399605
2420,-96.8633447240054
2421,-63.45261998200294
2422,-74.90946833800444
2423,-76.74888251400444
2424,-57.894248274002166
2425,-75.54178233800394
2426,-68.30426055700354
2427,-71.18957201200283
2428,-83.15103419200477
2429,-56.41965076499764
2430,-66.8679754839959
2431,-90.78202304600472
2432,-69.45765463000316
2433,-103.41307640200648
2434,-67.23801748400456
2435,-68.77408655700401
2436,-63.06888087900279
2437,-69.37219563000326
2438,-74.76201623500401
2439,-83.96284136800386
2440,-49.28639362600097
2441,-68.35874766000325
2442,-63.33722287900309
2443,-63.84772995200274
2444,-66.64986248399691
2445,-97.12567272400611
2446,-67.65014755700395
2447,-63.83247795200259
2448,-55.988566304002234
2449,-67.73568766000335
2450,-69.3041207330034
2451,-70.19131963000382
2452,-69.29677463000371
2453,-68.79628755700378
2454,-66.76239348399577
2455,-90.98612104600488
2456,-68.65822266000305
2457,-69.62068166000336
2458,-46.69285091800066
2459,-68.03519055700326
2460,-62.06179487900317
2461,-55.72284520100311
2462,-73.13971116199536
2463,-76.11989541100411
2464,-61.65285398200285
2465,-73.2551751619958
2466,-83.19701319200522
2467,-66.68355048399644
2468,-62.84021387900248
2469,-90.626878046005
2470,-67.19884148400433
2471,-96.98131772400575
2472,-77.06596551400435
2473,-68.77121166000325
2474,-76.111021411004
2475,-67.40744148399608
2476,-57.61551227400196
2477,-97.05747072400573
2478,-67.51539355700334
2479,-63.78282995200243
2480,-68.32461155700366
2481,-62.52544687900263
2482,-58.13307727400206
2483,-65.15250605500296
2484,-97.10783672400612
2485,-97.09275072400578
2486,-73.29940016199544
2487,-76.17669141100396
2488,-75.49607833800383
2489,-72.81948116199601
2490,-79.74626869000349
2491,-75.44061630800479
2492,-78.12516269000389
2493,-59.039383377002196
2494,-63.077496879002865
2495,-74.16018523500406
2496,-69.0510456300035
2497,-74.92941333800445
2498,-76.37218341100379
2499,-74.85074633800377
2500,-63.200624879003044
2501,-103.26702840200687
2502,-63.51605195200318
2503,-68.06035455700385
2504,-69.34243066000363
2505,-76.45871441100462
2506,-90.78742604600484
2507,-84.9321123680038
2508,-67.96605255700342
2509,-84.43887736800389
2510,-83.06381219200466
2511,-83.19778719200531
2512,-76.2424894110045
2513,-75.01841733800393
2514,-76.28011441100443
2515,-67.04122055700373
2516,-55.05424912800299
2517,-66.65187848399546
2518,-75.41936833800446
2519,-78.75928669000314
2520,-66.78525248399637
2521,-68.49944855700323
2522,-76.33411951400376
2523,-70.39524263000385
2524,-62.99699305500235
2525,-74.24614423500407
2526,-74.43253523500425
2527,-63.056196055003056
2528,-69.29935463000402
2529,-68.20146148399544
2530,-66.83216948400423
2531,-40.956849595999756
2532,-75.5058793080043
2533,-68.3599946600034
2534,-77.88341169000341
2535,-84.0289763680039
2536,-70.64740483600326
2537,-91.961397046005
2538,-76.23441341100443
2539,-61.334479879003084
2540,-54.590130128002784
2541,-70.67378473300323
2542,-66.85640648399567
2543,-74.71365633800451
2544,-97.10079772400604
2545,-96.96342972400544
2546,-62.35745980599677
2547,-91.8569190460048
2548,-71.1020508360034
2549,-96.95312872400609
2550,-75.18842433800455
2551,-68.007115557004
2552,-69.49371663000329
2553,-69.21029963000365
2554,-60.824970806002966
2555,-68.04264055700332
2556,-68.04798055700394
2557,-68.93446463000328
2558,-67.5494184839954
2559,-60.94311187900257
2560,-74.17586923500403
2561,-56.749854201001654
2562,-68.19197155700385
2563,-90.73386604600455
2564,-85.45707936800409
2565,-62.685250952003116
2566,-97.10853472400595
2567,-97.06246872400607
2568,-60.143248805998155
2569,-76.19878541100388
2570,-75.88764930800426
2571,-84.28446136800449
2572,-69.6347306600037
2573,-50.04319642000246
2574,-69.60012073300368
2575,-90.84773504600525
2576,-75.93582741100454
2577,-75.88599541100393
2578,-97.01515972400557
2579,-74.15495623500465
2580,-68.9891056300039
2581,-61.55609780600298
2582,-74.99708633800401
2583,-80.89889701600532
2584,-70.2724496300034
2585,-68.47947455700341
2586,-75.88933130800433
2587,-75.35813633800444
2588,-62.214822879002895
2589,-61.432091879002655
2590,-73.30255316199509
2591,-76.43172041100388
2592,-61.35792280599708
2593,-67.77710955700331
2594,-68.7457516600034
2595,-55.99059130400292
2596,-71.2697137330033
2597,-67.61142948399538
2598,-63.34631387900299
2599,-75.58515230800458
2600,-90.72353904600459
2601,-97.0292597240059
2602,-84.8587783680041
2603,-82.5883710890048
2604,-67.02366848399652
2605,-61.93083287900299
2606,-69.2505287330032
2607,-69.51007663000382
2608,-74.59757523500411
2609,-75.10182530800466
2610,-75.5191933080041
2611,-74.77231733800454
2612,-68.0915745570037
2613,-74.82425733800392
2614,-62.79180398200242
2615,-68.81350366000333
2616,-75.20760233800411
2617,-61.94513587900383
2618,-97.13086572400607
2619,-76.23322541100424
2620,-81.3397620160049
2621,-76.89270341100382
2622,-61.77472798200233
2623,-69.77030673300305
2624,-69.93177363000359
2625,-69.93942963000336
2626,-69.29646866000348
2627,-67.91274355700352
2628,-76.05194741100422
2629,-64.1137879520029
2630,-74.43436423500407
2631,-58.65289627400216
2632,-90.78037504600525
2633,-97.02667272400595
2634,-67.01206248399649
2635,-75.02078333800455
2636,-73.0927201619943
2637,-82.51709508900512
2638,-75.4539303080046
2639,-97.12342072400588
2640,-74.98863733800408
2641,-74.55178423500456
2642,-61.696015805997376
2643,-67.73039648399572
2644,-68.71969066000383
2645,-79.70668869000383
2646,-84.77987736800424
2647,-75.88632230800431
2648,-90.85015104600461
2649,-54.52452302500296
2650,-61.02342180600317
2651,-90.84399504600515
2652,-62.34232887900271
2653,-68.96338263000325
2654,-103.21119940200606
2655,-68.57653455700347
2656,-59.35431527400215
2657,-81.14238201600529
2658,-68.64260366000326
2659,-68.7001906600035
2660,-69.55483063000338
2661,-74.46214023500397
2662,-76.24967341100455
2663,-69.3143936300039
2664,-64.98011005500302
2665,-75.52840830800415
2666,-66.97826955700384
2667,-61.64225498200267
2668,-65.03793595200295
2669,-53.03320702500241
2670,-64.22143895200315
2671,-81.313512016005
2672,-84.66923836800379
2673,-67.63409748399681
2674,-74.56903533800414
2675,-63.18421387900253
2676,-65.15316205500312
2677,-36.88341399100136
2678,-103.19469040200602
2679,-56.58791220100193
2680,-68.08939655700397
2681,-63.38558395200289
2682,-74.61703833800402
2683,-68.96198673300387
2684,-69.97180273300364
2685,-74.97091233800438
2686,-69.21396673300387
2687,-91.15126904600493
2688,-84.86848836800436
2689,-68.45859766000376
2690,-85.75783836800383
2691,-83.22052619200531
2692,-76.05511341100464
2693,-69.4396536300037
2694,-61.571314879002784
2695,-71.29982973300321
2696,-69.35184755700357
2697,-69.35392963000322
2698,-83.1236391920047
2699,-82.0604440890047
2700,-62.99220705500284
2701,-62.21547187900342
2702,-57.95669727400218
2703,-64.3324529820029
2704,-68.78313166000316
2705,-75.0952613380041
2706,-74.1875822350039
2707,-74.78765323500465
2708,-67.4526254839966
2709,-90.69391004600493
2710,-91.72818904600535
2711,-61.321290805997705
2712,-81.32991901600508
2713,-54.20063912800288
2714,-97.11200072400607
2715,-82.55470608900487
2716,-74.9818493380044
2717,-68.47410848399704
2718,-74.84425133800414
2719,-76.93686051400437
2720,-82.61362908900537
2721,-57.27170320100231
2722,-75.8910714110043
2723,-85.95350036800392
2724,-91.75885704600478
2725,-61.84357480599647
2726,-90.8503280460045
2727,-63.56571095200252
2728,-75.4472823080041
2729,-81.1975600160049
2730,-61.899224806003076
2731,-69.6536017330036
2732,-56.8199522010018
2733,-56.41972076499587
2734,-62.10334098200292
2735,-63.59381487900282
2736,-82.53419208900505
2737,-74.77114333800455
2738,-66.35900748399581
2739,-75.83077730800414
2740,-62.03768098200271
2741,-55.620612128002904
2742,-63.26412698200238
2743,-47.532976450002025
2744,-96.87072272400565
2745,-66.70876748399678
2746,-82.27656308900532
2747,-68.10185755700331
2748,-69.75879463000365
2749,-55.29629602500245
2750,-68.02489455700379
2751,-90.85881004600469
2752,-80.80020501600484
2753,-69.50412173300356
2754,-68.04403555700355
2755,-63.48645287900308
2756,-69.48076163000405
2757,-69.36949563000326
2758,-74.19890223500443
2759,-83.96299836800426
2760,-70.63212963000387
2761,-76.20128341100462
2762,-54.981734128003154
2763,-67.67032555700371
2764,-82.30187908900461
2765,-81.22146801600502
2766,-84.66136636800456
2767,-67.75499155700345
2768,-74.74177433800378
2769,-85.66562336800416
2770,-90.85065204600505
2771,-77.3560496900036
2772,-68.02564255700327
2773,-74.51967323500412
2774,-81.25468101600472
2775,-42.070190772002206
2776,-68.07131055700393
2777,-64.95817005500248
2778,-69.53063563000342
2779,-68.54633555700366
2780,-69.37383866000346
2781,-84.79166036800416
2782,-66.98967248400368
2783,-90.62765804600531
2784,-55.65793433599538
2785,-48.52995934700175
2786,-77.87715969000328
2787,-76.03872941100417
2788,-61.99127280599714
2789,-75.56425030800438
2790,-63.038009055002476
2791,-82.03513508900505
2792,-90.86617904600462
2793,-96.91721972400592
2794,-69.23121966000326
2795,-76.7375765140041
2796,-67.26466455700393
2797,-67.66999655700329
2798,-76.05624441100463
2799,-84.79163536800388
2800,-67.21959355700346
2801,-73.93606423500387
2802,-74.57767223500468
2803,-67.903466630004
2804,-66.95682348399532
2805,-77.93752169000345
2806,-74.23038923500462
2807,-70.09969483600344
2808,-69.4159116300034
2809,-97.02074572400579
2810,-57.683382274001815
2811,-63.08866487900286
2812,-60.517146703003164
2813,-90.74004504600452
2814,-69.52636163000352
2815,-63.73234887900253
2816,-55.479526201002955
2817,-103.34698640200622
2818,-63.27303705500253
2819,-77.0955285140044
2820,-75.00885633800408
2821,-54.34591512799852
2822,-82.60529208900516
2823,-76.94068051400427
2824,-74.69877423500475
2825,-63.91508595200321
2826,-66.66158348399586
2827,-47.53293945000223
2828,-61.761149805997775
2829,-60.94924680599797
2830,-90.91962504600451
2831,-69.97898083600376
2832,-69.59740866000357
2833,-67.59731955700317
2834,-76.73346551400391
2835,-70.93307483600347
2836,-76.29782341100417
2837,-68.73025755700382
2838,-48.523968347001755
2839,-70.10207373300364
2840,-75.30185230800453
2841,-74.82222433800416
2842,-97.09411772400563
2843,-75.45493430800434
2844,-61.24447380599668
2845,-72.89947116199437
2846,-60.51443970300352
2847,-80.93448601600448
2848,-76.92643851400408
2849,-61.7297408059967
2850,-97.237161724006
2851,-68.94672563000404
2852,-67.24918448399694
2853,-69.48765473300318
2854,-74.91462533800404
2855,-60.743383806003294
2856,-75.93947441100408
2857,-103.29352640200614
2858,-85.66367536800408
2859,-76.12841641100385
2860,-68.03850055700332
2861,-76.03042741100398
2862,-66.49131148399647
2863,-83.06021819200487
2864,-67.99161455700323
2865,-60.75611980600297
2866,-62.18798980599786
2867,-67.68052055700355
2868,-63.34590295200269
2869,-84.611381368004
2870,-75.54643330800445
2871,-76.06848141100454
2872,-74.57534823500464
2873,-56.19325230400227
2874,-75.91071241100417
2875,-67.77392966000389
2876,-61.80084087900377
2877,-75.85431330800475
2878,-76.33335651400375
2879,-48.78325945000233
2880,-73.10203216199443
2881,-89.3126248700055
2882,-56.817227201002424
2883,-75.73284130800403
2884,-74.15618323500439
2885,-75.09661833800419
2886,-56.98408820100212
2887,-75.07997333800449
2888,-77.31150351400447
2889,-68.109196557004
2890,-63.538693879002494
2891,-71.02621083600297
2892,-64.15460495200296
2893,-75.13045533800414
2894,-68.79722655700334
2895,-75.94932230800441
2896,-90.8496620460046
2897,-67.91958855700341
2898,-74.51547033800398
2899,-103.3108044020064
2900,-68.20063055700393
2901,-63.35286198200265
2902,-103.18212040200615
2903,-63.18341987900294
2904,-69.23148466000384
2905,-69.26756666000438
2906,-69.41537655700358
2907,-73.12687216199447
2908,-74.61173723500451
2909,-103.32880840200687
2910,-45.31812702100069
2911,-82.63637408900468
2912,-69.67226173300332
2913,-68.00557455700346
2914,-74.92163433800397
2915,-57.10125548000178
2916,-56.47094120100246
2917,-61.25818380599776
2918,-83.25026319200515
2919,-75.56542730800447
2920,-66.9035734839963
2921,-55.293684128002496
2922,-68.59226866000336
2923,-75.10110033800447
2924,-74.91094533800424
2925,-76.3407024110038
2926,-74.12525823500437
2927,-62.270960805997674
2928,-98.08225772400601
2929,-54.10154426299778
2930,-69.64360255700376
2931,-76.23254041100427
2932,-84.15889136800433
2933,-75.18029133800428
2934,-71.2728537330031
2935,-68.06760255700374
2936,-54.910934128003646
2937,-68.174216557004
2938,-66.60137348399621
2939,-62.14096687900383
2940,-84.10297736800385
2941,-103.40252440200675
2942,-70.08670883600371
2943,-66.99619548399642
2944,-82.53141908900488
2945,-75.05851233800422
2946,-64.08831395200286
2947,-76.25639641100406
2948,-63.282431879002615
2949,-75.82176341100421
2950,-76.22400441100399
2951,-56.908790201002375
2952,-96.96151072400608
2953,-77.04586651400405
2954,-69.16368473300372
2955,-78.00770469000327
2956,-70.3614218360035
2957,-74.89559333800389
2958,-83.16883019200486
2959,-90.82995804600523
2960,-75.08514033800384
2961,-91.74739304600462
2962,-56.46502827400218
2963,-84.66135136800403
2964,-69.42790963000334
2965,-85.47610136800449
2966,-58.5845492740018
2967,-73.05319401200268
2968,-56.564409304001856
2969,-69.39330763000362
2970,-76.11307041100463
2971,-69.48763763000352
2972,-97.09450172400557
2973,-69.44265763000385
2974,-68.56984055700377
2975,-67.94300655700317
2976,-75.92866441100432
2977,-76.0089544110042
2978,-68.58687355700386
2979,-90.70598904600502
2980,-69.31833866000306
2981,-74.43612623500394
2982,-74.47867733800376
2983,-55.83397620100277
2984,-74.63251033800407
2985,-80.93790201600495
2986,-80.95002101600494
2987,-75.80447030800406
2988,-64.48579933400197
2989,-73.63916323500416
2990,-84.12490836800407
2991,-61.77453680599683
2992,-81.38027801600492
2993,-69.12040563000392
2994,-55.339607025002806
2995,-73.40873416199429
2996,-69.57904773300379
2997,-67.98966055700384
2998,-62.74910895200264
2999,-90.78001004600537
3000,-68.16675355700318
3001,-62.384238805996574
3002,-68.27008955700421
3003,-74.94459233800444
3004,-63.60519587900308
3005,-74.42996723500437
3006,-74.0823352350044
3007,-75.74672430800456
3008,-68.51574066000376
3009,-60.87646580599721
3010,-61.646293982003044
3011,-66.6880204839963
3012,-76.31765941100457
3013,-85.5177283680041
3014,-61.421308879002936
3015,-68.3863325570037
3016,-85.45631936800419
3017,-68.75930863000394
3018,-68.98183763000361
3019,-97.94405772400569
3020,-73.21488716199565
3021,-69.70445166000354
3022,-90.89419604600516
3023,-57.90202620100172
3024,-63.67299287900278
3025,-75.57924533800451
3026,-76.25763441100389
3027,-97.00584972400611
3028,-69.377530630004
3029,-53.217309952003234
3030,-90.76691004600525
3031,-54.43854202500279
3032,-62.77029195200248
3033,-69.28043363000324
3034,-48.35143834700193
3035,-62.485533879003015
3036,-68.06373148399689
3037,-90.5182600460048
3038,-89.28780887000539
3039,-66.10289348399601
3040,-74.10588923500472
3041,-69.57988373300304
3042,-90.84121704600511
3043,-84.27617536800426
3044,-66.90567848399587
3045,-76.43075341100393
3046,-68.06582255700323
3047,-75.19158433800385
3048,-76.92245351400379
3049,-68.53276866000306
3050,-91.7280990460049
3051,-75.82880230800401
3052,-69.7977007330037
3053,-69.07189966000442
3054,-82.27655908900488
3055,-67.50783955700354
3056,-75.0665113380046
3057,-96.9551887240059
3058,-83.16471619200456
3059,-75.08073333800439
3060,-72.72520616199472
3061,-76.23906841100415
3062,-69.21102666000388
3063,-69.61742763000348
3064,-103.32656240200686
3065,-76.10901441100395
3066,-51.87520269900142
3067,-69.29368263000379
3068,-69.24806663000345
3069,-70.043465630004
3070,-90.78465204600525
3071,-90.73381904600501
3072,-69.71055663000334
3073,-97.26273572400532
3074,-77.77141351400405
3075,-68.27738655700341
3076,-51.72030359600103
3077,-76.31825241100432
3078,-64.32423895200282
3079,-68.07903555700341
3080,-63.81673695200243
3081,-75.55134530800478
3082,-89.31955687000573
3083,-67.73795755700394
3084,-92.11212004600475
3085,-85.93870836800397
3086,-83.27552619200469
3087,-57.724879201002295
3088,-61.85343580600329
3089,-82.21669808900515
3090,-90.92120604600495
3091,-74.83886833800443
3092,-84.19525236800382
3093,-83.19725719200505
3094,-75.900447308004
3095,-103.30793840200658
3096,-76.75423051400412
3097,-68.65878266000345
3098,-74.52146923500459
3099,-77.91732451400367
3100,-62.19329487900359
3101,-64.25584395200258
3102,-90.91152004600463
3103,-84.11361136800406
3104,-91.04385204600476
3105,-74.55125033800414
3106,-66.16511548399649
3107,-69.32768263000344
3108,-51.1625275230017
3109,-74.43536623500404
3110,-68.25764455700391
3111,-49.701095626001916
3112,-69.3491636300032
3113,-63.30954915800248
3114,-76.42718441100442
3115,-66.66522448399701
3116,-75.47340530800466
3117,-96.97470672400596
3118,-68.3032546600034
3119,-90.86216904600496
3120,-64.90296805500293
3121,-73.64045823500419
3122,-70.06467263000377
3123,-84.68122336800388
3124,-74.73685733800448
3125,-103.29210440200677
3126,-68.33635255700392
3127,-73.7304032350039
3128,-66.1219864839968
3129,-66.92216048400405
3130,-81.18305901600525
3131,-67.6156795570032
3132,-54.89009112799795
3133,-63.19304495200322
3134,-56.78195820100245
3135,-68.92230063000352
3136,-64.38508487900253
3137,-85.65579436800454
3138,-48.377957222994155
3139,-63.28003398200235
3140,-56.18492827400223
3141,-83.05591219200505
3142,-82.25209308900503
3143,-75.51516130800428
3144,-69.5241866300039
3145,-62.28353711699674
3146,-74.21742223500405
3147,-68.51883866000298
3148,-53.92495102500288
3149,-48.63642845000231
3150,-69.46426763000363
3151,-91.00245104600526
3152,-90.62717704600527
3153,-97.07121572400592
3154,-83.14998719200503
3155,-96.98100472400529
3156,-69.32311773300353
3157,-74.53986833800445
3158,-61.88767198200276
3159,-97.02882972400585
3160,-56.47068120100175
3161,-64.15875595200305
3162,-82.29888008900525
3163,-73.13971916199444
3164,-52.16591316099948
3165,-62.59813087900238
3166,-81.33862301600493
3167,-83.1532121920045
3168,-69.59417173300335
3169,-76.34627141100464
3170,-69.67529463000392
3171,-82.99444619200494
3172,-70.88711173300362
3173,-68.47675466000328
3174,-69.35696063000341
3175,-68.3151015570038
3176,-97.01760572400599
3177,-68.17981766000321
3178,-103.37052940200647
3179,-69.37382963000346
3180,-91.58089404600469
3181,-82.57702408900514
3182,-96.91292272400551
3183,-54.15392712800258
3184,-63.436929952003084
3185,-62.9716028790026
3186,-63.29704987900277
3187,-70.25503973300329
3188,-68.2170405570032
3189,-90.89781104600479
3190,-74.72565633800423
3191,-91.78516104600476
3192,-77.09607351400427
3193,-69.49789673300347
3194,-57.579689274001794
3195,-64.04351115800273
3196,-69.71849073300382
3197,-69.52710155700333
3198,-52.048328699001104
3199,-76.23878441100442
3200,-74.5643362350047
3201,-84.19516436800404
3202,-76.02077941100379
3203,-76.21096041100463
3204,-91.83540204600467
3205,-75.07411833800415
3206,-47.298143347002224
3207,-75.13722133800457
3208,-68.40246155700333
3209,-74.80687833800403
3210,-67.59790755700396
3211,-76.34833441100454
3212,-67.80512055700365
3213,-76.88668551400406
3214,-66.72391248399617
3215,-66.85108148400377
3216,-76.37419541100462
3217,-84.69012536800437
3218,-82.55443608900532
3219,-74.97739433800416
3220,-62.50592898200284
3221,-71.60907983600373
3222,-75.03636933800408
3223,-63.07884687900241
3224,-67.81337755700315
3225,-76.21873041100389
3226,-61.55599480600358
3227,-69.13812066000355
3228,-56.23174427400227
3229,-76.4315664110045
3230,-97.16240972400556
3231,-70.26622263000354
3232,-67.51718755700313
3233,-84.05805236800461
3234,-75.90762841100423
3235,-76.1356174110042
3236,-66.54468648399597
3237,-91.28113204600504
3238,-76.42678341100418
3239,-68.05519948399706
3240,-69.22546573300315
3241,-90.81229104600516
3242,-67.96116255700326
3243,-69.72954773300353
3244,-68.20183355700374
3245,-85.9241613680042
3246,-67.62171955700342
3247,-96.96192672400593
3248,-84.01059036800416
3249,-75.8799343380042
3250,-69.3964646600034
3251,-69.01009463000355
3252,-76.80470351400436
3253,-68.71614755700375
3254,-69.6927057330031
3255,-70.04588363000403
3256,-97.0269257240061
3257,-73.99018323500422
3258,-67.48408455700337
3259,-69.43849066000348
3260,-62.1899298790031
3261,-91.70521404600458
3262,-75.8572863080044
3263,-76.26898641100433
3264,-82.62107108900454
3265,-90.89625504600463
3266,-38.7934724930019
3267,-75.07733433800422
3268,-63.14812195200284
3269,-90.93783404600526
3270,-72.59241316199586
3271,-75.73276130800423
3272,-48.04103634700277
3273,-81.26351201600482
3274,-77.0656264110039
3275,-54.83202420100224
3276,-68.49874466000347
3277,-74.52806633800446
3278,-76.1381714110039
3279,-75.89949230800448
3280,-74.67108533800456
3281,-76.31577041100445
3282,-69.87358473300355
3283,-61.305448805997
3284,-75.08248533800452
3285,-67.91160255700379
3286,-61.35396287900312
3287,-69.4981766300034
3288,-74.80351933800375
3289,-82.52089508900463
3290,-75.5016083080045
3291,-75.32705530800467
3292,-66.85547948399653
3293,-74.28915923500426
3294,-69.58017366000331
3295,-55.73278420100269
3296,-64.978455055003
3297,-91.59798904600484
3298,-75.12710733800395
3299,-71.007271012003
3300,-48.455517450000116
3301,-74.62135223500445
3302,-91.40671304600528
3303,-81.35856201600473
3304,-97.10153772400554
3305,-70.11349063000398
3306,-46.39336317100242
3307,-69.50418866000382
3308,-70.21307973300372
3309,-103.20338040200659
3310,-82.03527708900492
3311,-97.26318472400544
3312,-68.09156155700384
3313,-90.77479904600477
3314,-54.703229201001704
3315,-70.30452483600311
3316,-82.55034308900485
3317,-82.51953508900533
3318,-76.28686941100386
3319,-74.08694523500435
3320,-60.776615806003065
3321,-70.14106963000359
3322,-49.51514934700208
3323,-74.96490933800396
3324,-76.05509841100411
3325,-69.70595655700345
3326,-82.99205019200508
3327,-81.23006501600503
3328,-77.92642969000372
3329,-53.41062902500289
3330,-71.12604601200292
3331,-83.19083519200467
3332,-91.99397804600449
3333,-82.61456608900517
3334,-97.0641667240061
3335,-62.43807695200303
3336,-50.032755420002104
3337,-68.39074148399595
3338,-90.69026904600469
3339,-75.9657964110038
3340,-75.84466330800478
3341,-74.21863023500464
3342,-66.36584248399595
3343,-97.06289072400523
3344,-90.86424604600506
3345,-61.398765805997755
3346,-68.6511386600032
3347,-54.422878128002594
3348,-66.65056348399594
3349,-72.77023916199505
3350,-59.97139280599731
3351,-84.41689936800412
3352,-55.58017712799847
3353,-67.2295734840045
3354,-61.31318587900296
3355,-77.06625451400396
3356,-74.77805333800461
3357,-91.06189404600536
3358,-84.0380043680043
3359,-83.94548836800459
3360,-76.37572941100461
3361,-75.78569930800404
3362,-97.02562772400597
3363,-77.25835451400417
3364,-66.64064148399666
3365,-57.827250274001926
3366,-59.04002237700206
3367,-71.27303873300389
3368,-54.832005201002175
3369,-55.35610430400175
3370,-103.34274040200671
3371,-85.68013436800447
3372,-60.07746870300343
3373,-62.92673198200373
3374,-91.7781680460048
3375,-62.07524598200234
3376,-77.8806996900039
3377,-90.90194104600505
3378,-75.12668930800464
3379,-68.22364266000386
3380,-75.07873133800422
3381,-68.47669466000389
3382,-76.32407341100406
3383,-70.08640183600346
3384,-70.11559263000345
3385,-63.44684205500289
3386,-61.0530268060038
3387,-76.31794541100408
3388,-69.56196855700364
3389,-103.30392440200649
3390,-67.38384455700361
3391,-67.83331355700375
3392,-63.827451952002775
3393,-90.88152604600509
3394,-74.59302933800427
3395,-62.886520879003
3396,-67.04750748399601
3397,-68.46787955700347
3398,-71.00271901200267
3399,-84.72195636800461
3400,-76.03742341100406
3401,-67.42112348399678
3402,-69.55463455700374
3403,-72.74965216199598
3404,-74.72060033800426
3405,-67.12315955700342
3406,-63.86464395200255
3407,-64.95449605500289
3408,-69.51085473300373
3409,-70.25587573300345
3410,-75.79689030800455
3411,-62.660183952002626
3412,-67.95601055700354
3413,-74.29884423500425
3414,-56.85710920100246
3415,-84.79733336800382
3416,-69.20461066000371
3417,-69.70105366000371
3418,-84.5262423680042
3419,-63.25184895200255
3420,-90.944649046005
3421,-72.66601716199511
3422,-76.07993241100394
3423,-75.59597141100403
3424,-69.98514073300339
3425,-67.93744055700336
3426,-74.13099523500387
3427,-69.6052716300037
3428,-55.54917902500256
3429,-83.22700919200452
3430,-64.08631095200326
3431,-79.97411069000373
3432,-69.5076857330032
3433,-82.46070208900528
3434,-61.26311187900319
3435,-97.16968472400549
3436,-63.17497305500274
3437,-69.42423066000356
3438,-69.97962183600339
3439,-76.08346941100444
3440,-97.05237772400596
3441,-76.78357851400415
3442,-63.32068395200258
3443,-73.3587281619948
3444,-53.96163702500235
3445,-63.074706879002406
3446,-56.568465201002255
3447,-69.48773666000307
3448,-78.10122669000339
3449,-62.280528879003214
3450,-90.7190710460045
3451,-69.98472473300353
3452,-70.24760283600335
3453,-69.95947973300372
3454,-74.38906223500453
3455,-74.59183133800434
3456,-84.00806136800384
3457,-64.16714395200324
3458,-47.710308347002865
3459,-43.231961669001976
3460,-69.93559373300377
3461,-74.84838733800461
3462,-76.2723224110041
3463,-70.31822063000345
3464,-74.58209223500398
3465,-61.851086982002926
3466,-58.53571527400254
3467,-83.17240419200516
3468,-74.86230833800437
3469,-58.70480827400206
3470,-97.17464572400604
3471,-78.97758269000315
3472,-54.20723512800305
3473,-82.62239408900496
3474,-84.00822336800411
3475,-81.25909101600519
3476,-90.69755004600484
3477,-97.08321872400575
3478,-56.8448602740018
3479,-66.8386424839955
3480,-91.6011850460045
3481,-54.875275127998975
3482,-54.50982520100206
3483,-38.679921420002756
3484,-69.31165463000343
3485,-90.73339804600528
3486,-71.80674883600295
3487,-68.50455655700353
3488,-67.60229555700334
3489,-49.9815105960015
3490,-76.41705941100463
3491,-62.24984687900269
3492,-68.98249066000335
3493,-91.36958304600466
3494,-85.22909736800375
3495,-60.43256070300322
3496,-69.62962363000406
3497,-61.62703180599783
3498,-59.308492274001765
3499,-75.83591641100429
3500,-70.50796073300353
3501,-66.84247548400435
3502,-76.37409141100397
3503,-66.99759548399561
3504,-91.02012504600498
3505,-62.27547180599686
3506,-67.04789048399653
3507,-62.26898380599778
3508,-62.003681805997985
3509,-97.14589872400575
3510,-68.24362748399653
3511,-72.469377161995
3512,-85.54279636800402
3513,-85.89071036800397
3514,-84.61119536800379
3515,-69.31414066000343
3516,-74.64168623500427
3517,-76.26143841100384
3518,-74.64318333800384
3519,-66.7918784839967
3520,-62.68552698200256
3521,-76.30759141100407
3522,-73.97956123500444
3523,-75.7601084110047
3524,-74.53485333800381
3525,-83.28789119200519
3526,-63.05329387900292
3527,-67.36860255700321
3528,-76.23353741100436
3529,-69.46406573300374
3530,-80.84306301600463
3531,-67.63743948399679
3532,-82.37469008900462
3533,-68.5697736600032
3534,-56.36170530400159
3535,-75.40756530800445
3536,-64.07148015800249
3537,-97.9133967240059
3538,-56.407377304001784
3539,-74.56117323500439
3540,-68.84603866000361
3541,-75.85256130800462
3542,-69.39913463000357
3543,-84.69830936800463
3544,-79.81719069000337
3545,-76.39176141100415
3546,-68.21805555700394
3547,-76.14292341100463
3548,-55.631072128002415
3549,-74.79216033800458
3550,-90.80857904600452
3551,-103.30167240200626
3552,-68.67741866000324
3553,-61.4394698790029
3554,-97.12127072400563
3555,-69.06877663000341
3556,-85.93304736800383
3557,-74.91233833800379
3558,-76.18926141100383
3559,-82.612333089005
3560,-97.82986372400592
3561,-85.78296736800439
3562,-97.05263272400589
3563,-53.995497025002805
3564,-69.44429563000358
3565,-68.27768966000349
3566,-54.23819720100164
3567,-68.63002166000388
3568,-90.86456604600517
3569,-75.7711484110041
3570,-68.22506255700318
3571,-69.69468963000327
3572,-76.41360541100403
3573,-75.8418564110043
3574,-96.9606027240061
3575,-76.38279541100383
3576,-68.27035855700342
3577,-76.45825441100442
3578,-68.20116055700328
3579,-96.93266472400592
3580,-68.60289066000314
3581,-70.63174363000326
3582,-75.8442183080042
3583,-66.14496648399654
3584,-69.85415973300314
3585,-67.97951455700331
3586,-69.72306155700335
3587,-66.79305648399713
3588,-61.93059298200296
3589,-74.87003133800408
3590,-91.13508404600452
3591,-53.20560802500313
3592,-63.43647398200301
3593,-75.00936033800463
3594,-81.1347570160051
3595,-75.94879133800441
3596,-51.2213705230015
3597,-72.77141816199583
3598,-68.39523455700328
3599,-68.92275366000376
3600,-76.46968941100386
3601,-71.31090673300332
3602,-68.28620655700342
3603,-67.41332048399636
3604,-63.08411287900253
3605,-69.43803166000362
3606,-90.7645660460048
3607,-74.5069902350042
3608,-69.276126630004
3609,-97.02941672400539
3610,-43.76760474200091
3611,-61.17236180599684
3612,-82.43035608900482
3613,-75.04754133800452
3614,-75.61552330800441
3615,-57.836569274001704
3616,-68.51189655700364
3617,-64.3376609520028
3618,-71.40364101200248
3619,-74.10198123500413
3620,-61.8417158059965
3621,-75.992149411004
3622,-62.2460528790034
3623,-68.45817166000325
3624,-71.00266501200258
3625,-68.35116255700359
3626,-56.28432427400185
3627,-67.99687455700314
3628,-97.06349172400587
3629,-68.63376555700415
3630,-74.5603192350045
3631,-64.50677395200273
3632,-63.31100405500274
3633,-70.36206163000406
3634,-63.26257515800262
3635,-75.89969341100459
3636,-76.25803641100447
3637,-76.28689241100437
3638,-75.647036338004
3639,-75.61104930800411
3640,-103.36456240200641
3641,-77.67557569000383
3642,-68.78110055700381
3643,-67.96445455700359
3644,-90.8624440460053
3645,-90.94126904600489
3646,-61.883245982002336
3647,-64.89314705500237
3648,-61.29083887900288
3649,-91.68233104600495
3650,-76.24466441100412
3651,-97.07123572400542
3652,-103.33574140200653
3653,-62.25705287900382
3654,-75.82204741100395
3655,-79.50205869000365
3656,-55.56977920100235
3657,-63.00624505500309
3658,-57.535375274002035
3659,-67.86691255700316
3660,-82.90359019200514
3661,-84.10518536800373
3662,-74.0765842350047
3663,-67.53825048399631
3664,-57.973166274002324
3665,-62.719430879003085
3666,-54.208431127997756
3667,-76.3894914110042
3668,-69.99431263000406
3669,-56.57518320100189
3670,-56.534002201002295
3671,-68.71387066000352
3672,-78.00642669000354
3673,-68.03134355700331
3674,-54.21554926299723
3675,-68.07592548399589
3676,-57.737153274001685
3677,-84.61174236800434
3678,-76.08201241100414
3679,-60.01458570300383
3680,-74.04266923500472
3681,-90.91725704600503
3682,-74.2677982350042
3683,-67.00609048399565
3684,-69.03302766000434
3685,-67.70366155700322
3686,-74.6097542350044
3687,-83.02869819200441
3688,-66.850690483996
3689,-73.25462616199547
3690,-63.36780005500259
3691,-96.93462172400541
3692,-75.54881530800412
3693,-103.28551740200601
3694,-74.84947333800392
3695,-60.54552287900242
3696,-91.75969404600528
3697,-74.63462823500413
3698,-67.63436148399705
3699,-64.85509595200256
3700,-75.9192784110046
3701,-75.01737733800383
3702,-91.73326704600458
3703,-60.75175087900243
3704,-74.1772912350043
3705,-90.9859900460051
3706,-72.66742916199473
3707,-76.37400651400367
3708,-75.4885543080045
3709,-82.6146440890052
3710,-75.12148430800426
3711,-68.59240066000348
3712,-75.98296341100468
3713,-76.33133741100391
3714,-82.53808308900534
3715,-74.96649233800417
3716,-81.22062901600475
3717,-74.96468933800406
3718,-62.73405587900288
3719,-69.98296373300309
3720,-55.737239025002964
3721,-76.12607941100396
3722,-75.81944130800457
3723,-85.86184436800431
3724,-90.92758604600476
3725,-62.36306287900243
3726,-90.77328604600461
3727,-66.71380648399645
3728,-60.89951980600381
3729,-69.26130266000382
3730,-62.14974887900371
3731,-83.11746019200473
3732,-74.23584623500392
3733,-61.42265587900238
3734,-69.59875755700341
3735,-59.924673703003464
3736,-75.53561630800414
3737,-68.53355366000324
3738,-60.019988805997855
3739,-75.20300930800477
3740,-70.42353983600333
3741,-64.23725215800278
3742,-68.76770566000323
3743,-69.32923963000394
3744,-69.29087263000383
3745,-74.52780033800445
3746,-55.883483274002174
3747,-56.90797120100251
3748,-68.23212155700367
3749,-91.73313504600537
3750,-97.17304872400564
3751,-63.49908887900256
3752,-97.05601972400564
3753,-82.0789060890047
3754,-66.890048483996
3755,-74.76465133800411
3756,-97.17493472400565
3757,-74.29770023500441
3758,-66.85990848399706
3759,-74.0684732350046
3760,-73.28474516199458
3761,-69.77622973300367
3762,-75.46220730800451
3763,-56.35427020100178
3764,-72.75508816199545
3765,-59.62225227400177
3766,-68.2382365570038
3767,-40.527244492999216
3768,-58.94068227400203
3769,-97.13265472400599
3770,-91.3690580460052
3771,-64.33976395200261
3772,-66.76664348399572
3773,-85.50174936800431
3774,-65.01722705500288
3775,-76.17102641100428
3776,-69.49854663000406
3777,-69.46039366000332
3778,-73.09147016199495
3779,-61.56238198200299
3780,-67.60495655700379
3781,-62.55632987900299
3782,-70.23955373300305
3783,-67.34339555700353
3784,-66.71439848399677
3785,-62.42783387900272
3786,-69.01311663000342
3787,-62.83380495200254
3788,-84.00345436800399
3789,-76.19948541100439
3790,-75.06988333800382
3791,-78.18810769000356
3792,-55.05443912800365
